Sampling_round,Date,Site,Plot,Site_label,Plot_ID,Floral_ID,Abundance,Nectar_1,Nectar_2,Mean_Nectar,Nectar_Source,Corolla_length_1,Corolla_length_2,Corolla_length_3,Corolla_length_4,Corolla_length_5,Corolla_length_6,Mean_Corolla
1,06-Jul,Rosemont,1,JRE,1_JRE1,Rosa_gallica,0.1,NA,NA,NA,,NA,NA,NA,NA,NA,NA,9.891878788
1,07-Jul,George Vanier,1,NGV,1_NGV1,Impatiens_walleriana,0.15,NA,NA,0.226666667,All_Plots,54.75,61.37,39.61,NA,NA,NA,51.91
1,07-Jul,George Vanier,1,NGV,1_NGV1,Hemerocallis_lilioasphodelus,0.1,0.22,NA,0.22,Plot,50.14,53.14,57.12,NA,NA,NA,53.46666667
1,06-Jul,Roseraies,1,JR,1_JR1,Hemerocallis_lilioasphodelus,0.05,0.2,NA,0.2,Plot,43.33,52.79,47.64,56.02,58.04,NA,51.564
1,06-Jul,Etienne Desmarteaux,1,JED,1_JED1,Hemerocallis_fulva,0.07,NA,NA,0.196,All_Plots,32.9,36.92,37.99,36.38,39.49,NA,36.736
1,06-Jul,Rosemont,1,JRE,1_JRE1,Hemerocallis_lilioasphodelus,0.05,0.23,NA,0.23,Plot,28.67,38.97,28.43,26.59,NA,NA,30.665
1,07-Jul,George Vanier,1,NGV,1_NGV1,Phlox_paniculata,0.05,NA,NA,0.233333333,Site_Average,19.85,NA,NA,NA,NA,NA,19.85
1,07-Jul,Réal-Gareau,1,JS,1_JS1,Tagetes_erecta,0.025,NA,NA,0.238571429,All_Plots,16.56,15.67,15.2,NA,NA,NA,15.81
1,06-Jul,Prieur,1,JP,1_JP1,Rosa_gallica,0.05,NA,NA,NA,,15.56,NA,NA,NA,NA,NA,15.56
1,06-Jul,Prieur,1,JP,1_JP1,Papaver_somniferum,0.025,NA,NA,0.1,All_Plots,14.98,11.13,13.01,NA,NA,NA,13.04
1,06-Jul,Laurendeau,1,JL,1_JL1,Phlox_drummondii,0.15,NA,NA,NA,,14.55,15.87,16.9,15.22,15.23,NA,15.554
1,07-Jul,Pointe Verte,1,NPSC,1_NPSC1,Nepeta_racemosa,0.6,0.43,NA,0.43,Plot,11.51,10.03,8.72,NA,NA,NA,10.08666667
1,06-Jul,Pointe aux Prairies,1,PPPM,1_PPPM1,Vicia_villosa,0.3,0.19,0.25,0.22,Plot,9.38,NA,NA,NA,NA,NA,9.38
1,07-Jul,George Vanier,1,NGV,1_NGV1,Lantana_camara,0.025,0.2,NA,0.2,Plot,8.87,9.9,9.6,NA,NA,NA,9.456666667
1,07-Jul,Réal-Gareau,1,JS,1_JS1,Gaillardia_pulchella,0.4,NA,NA,NA,,8.05,9.94,8.62,NA,NA,NA,8.87
1,07-Jul,Réal-Gareau,1,JS,1_JS1,Centaurea_cyanus,0.05,NA,NA,0.21,All_Plots,7.65,7.32,7.83,NA,NA,NA,7.6
1,07-Jul,Shaare Zion,1,CBS,1_CBS1,Convolvulus_arvensis,0.025,0.25,NA,0.25,Plot,7.61,9.69,11.21,NA,NA,NA,9.503333333
1,07-Jul,Shaare Zion,1,CBS,1_CBS1,Trifolium_repens,0.025,NA,NA,0.329119497,Literature,7.1,5.31,6.22,NA,NA,NA,6.21
1,06-Jul,52e ave,1,N52,1_N521,Lotus_corniculatus,0.05,NA,NA,0.21,All_Plots,6.83,NA,NA,NA,NA,NA,6.83
1,06-Jul,Etienne Desmarteaux,1,JED,1_JED1,Lavandula_angustifolia,0.05,0.29,NA,0.29,Plot,6.43,7.24,6.4,7.16,7.25,NA,6.896
1,06-Jul,Prieur,1,JP,1_JP1,Rosa_gallica,0.05,NA,NA,NA,,5.97,7.07,5.78,NA,NA,NA,6.273333333
1,07-Jul,Réal-Gareau,1,JS,1_JS1,Calendula_officinalis,0.025,NA,NA,0.166,All_Plots,5.91,6.87,6.81,NA,NA,NA,6.53
1,06-Jul,Prieur,1,JP,1_JP1,Rosa_moyesii,0.1,NA,NA,NA,,5.24,4.38,4.59,NA,NA,NA,4.736666667
1,06-Jul,Laurendeau,1,JL,1_JL1,Thymus_vulgaris,0.1,NA,NA,0.22,Site_Average,5.17,3.57,5.07,3.07,3.23,NA,4.022
1,07-Jul,Presentation,1,CP,1_CP1,Lotus_corniculatus,0.1,NA,NA,0.21,All_Plots,4.85,4.93,3.15,NA,NA,NA,4.31
1,07-Jul,Urgel Bourgie,1,CC,1_CC1,Rosa_gallica,0.3,NA,NA,NA,,3.76,3.37,2.85,NA,NA,NA,3.326666667
1,06-Jul,Laurendeau,1,JL,1_JL1,Matricaria_chamomilla,0.15,NA,NA,NA,,3.6,3.79,3.36,NA,NA,NA,3.583333333
1,06-Jul,52e ave,1,N52,1_N521,Potentilla_recta,0.025,NA,NA,0.59,Literature,3.23,NA,NA,NA,NA,NA,3.23
1,07-Jul,Bois de Liesse,1,PBL,1_PBL1,Melilotus_officinalis,0.1,NA,NA,0.377,Literature,2.84,2.68,2.25,NA,NA,NA,2.59
1,06-Jul,Etienne Desmarteaux,1,JED,1_JED1,Leucanthemum_vulgare,0.1,0.25,NA,0.25,Plot,2.81,NA,NA,NA,NA,NA,2.81
1,07-Jul,Bois de Liesse,1,PBL,1_PBL1,Achillea_millefolium,0.05,NA,NA,0.0533,Literature,2.64,2.83,2.34,NA,NA,NA,2.603333333
1,06-Jul,Pere Marquette,1,JPM,1_JPM1,Centaurea_cyanus,0.35,NA,NA,0.21,Site_Average,2.6,2.59,2.14,NA,NA,NA,2.443333333
1,06-Jul,Rosemont,1,JRE,1_JRE1,Leucanthemum_vulgare,0.1,NA,NA,0.30667,Site_Average,2.51,1.75,1.71,2.56,2.08,NA,2.122
1,06-Jul,Roseraies,1,JR,1_JR1,Dasiphora_fruticosa,0.4,NA,NA,NA,,2.29,1.63,1.95,NA,NA,NA,1.956666667
1,07-Jul,Lakeview,1,CLV,1_CLV1,Trifolium_dubium,0.025,NA,NA,NA,,1.56,1.47,1.72,NA,NA,NA,1.583333333
1,07-Jul,Réal-Gareau,1,JS,1_JS1,Tanacetum_parthenium,0.05,NA,NA,NA,,1.1,0.93,1.06,NA,NA,NA,1.03
1,07-Jul,Bois de Liesse,1,PBL,1_PBL1,Erigeron_annuus,0.05,NA,NA,NA,,0.61,0.68,0.5,NA,NA,NA,0.596666667
1,06-Jul,Roseraies,2,JR,1_JR2,Cucurbita_pepo,0.05,NA,NA,0.06,Site_Average,54.52,36.68,64.64,45.51,58.27,NA,51.924
1,07-Jul,Pointe Verte,2,NPSC,1_NPSC2,Hemerocallis_fulva,0.05,0.18,NA,0.18,Plot,47.16,42.75,36.2,NA,NA,NA,42.03666667
1,07-Jul,George Vanier,2,NGV,1_NGV2,Hemerocallis_fulva,0.1,NA,NA,0.196,All_Plots,34.84,34.45,33.52,NA,NA,NA,34.27
1,07-Jul,Urgel Bourgie,2,CC,1_CC2,Hemerocallis_lilioasphodelus,0.15,0.21,NA,0.21,Plot,28.15,27.05,28.8,NA,NA,NA,28
1,06-Jul,Prieur,2,JP,1_JP2,Oenothera_fruticosa,0.2,0.5,NA,0.5,Plot,25.78,21.55,24.83,25.04,22.52,NA,23.944
1,06-Jul,Prieur,2,JP,1_JP2,Papaver_rhoeas,0.05,NA,NA,NA,,18.62,13.46,15.36,NA,NA,NA,15.81333333
1,07-Jul,George Vanier,2,NGV,1_NGV2,Antirrhinum_majus,0.025,0.24,NA,0.24,Plot,16.92,18.34,17.51,NA,NA,NA,17.59
1,07-Jul,George Vanier,2,NGV,1_NGV2,Antirrhinum_majus,0.025,0.24,NA,0.24,Plot,16.41,18.93,17.32,NA,NA,NA,17.55333333
1,06-Jul,Etienne Desmarteaux,2,JED,1_JED2,Rosa_gallica,0.3,NA,NA,NA,,13.54,9.21,10.69,15.47,15.46,NA,12.874
1,06-Jul,Rosemont,2,JRE,1_JRE2,Tagetes_erecta,0.05,0.32,NA,0.32,Plot,12.05,10.4,11.64,14.21,10.31,NA,11.722
1,06-Jul,Roseraies,2,JR,1_JR2,Cucumis_sativus,0.025,0.36,NA,0.36,Plot,11.77,12.68,12.77,11.18,11.23,NA,11.926
1,06-Jul,Pere Marquette,2,JPM,1_JPM2,Papaver_somniferum,0.1,NA,NA,0.1,All_Plots,11.38,9.2,10.89,10.68,8.03,NA,10.036
1,06-Jul,Rosemont,2,JRE,1_JRE2,Tagetes_erecta,0.05,0.3,NA,0.3,Plot,10.41,10.22,7.23,8.2,9.48,NA,9.108
1,07-Jul,Lakeview,2,CLV,1_CLV2,Hesperis_matronalis,0.025,NA,NA,0.21,All_Plots,10.25,10.12,9.87,NA,NA,NA,10.08
1,06-Jul,Pointe aux Prairies,2,PPPM,1_PPPM2,Vicia_villosa,0.05,NA,NA,0.22,Site_Average,8.65,NA,NA,NA,NA,NA,8.65
1,07-Jul,George Vanier,2,NGV,1_NGV2,Rosa_rugosa,0.05,NA,NA,NA,,8.39,12.03,9.07,13.2,NA,NA,10.6725
1,06-Jul,Laurendeau,2,JL,1_JL2,Solanum_lycopersicum,0.05,NA,NA,0.2,All_Plots,8.33,8.69,7.42,7.31,6.6,NA,7.67
1,06-Jul,Laurendeau,2,JL,1_JL2,Tagetes_erecta,0.025,NA,NA,0.238571429,All_Plots,6.87,8.42,5.68,5.86,7.33,NA,6.832
1,07-Jul,Bois de Liesse,2,PBL,1_PBL2,Vicia_villosa,0.025,0.22,NA,0.22,Plot,5.4,5.38,5.45,NA,NA,NA,5.41
1,07-Jul,Réal-Gareau,2,JS,1_JS2,Centaurea_cyanus,0.2,NA,NA,0.21,All_Plots,5.26,NA,NA,NA,NA,NA,5.26
1,06-Jul,Pere Marquette,2,JPM,1_JPM2,Thymus_vulgaris,0.05,NA,NA,0.242222222,All_Plots,5.18,NA,NA,NA,NA,NA,5.18
1,07-Jul,George Vanier,2,NGV,1_NGV2,Salvia_rosmarinus,0.025,0.28,NA,0.28,Plot,5.16,6.9,7.32,NA,NA,NA,6.46
1,07-Jul,Urgel Bourgie,2,CC,1_CC2,Rosa_gallica,0.025,NA,NA,NA,,4.23,2.26,3.37,NA,NA,NA,3.286666667
1,07-Jul,Shaare Zion,2,CBS,1_CBS2,Begonia_cucullata,0.2,NA,NA,NA,,2.79,2.85,2.83,2.86,2.41,2.5,2.706666667
1,07-Jul,Urgel Bourgie,2,CC,1_CC2,Leucanthemum_vulgare,0.25,NA,NA,0.2925,All_Plots,2.75,NA,NA,NA,NA,NA,2.75
1,07-Jul,Bois de Liesse,2,PBL,1_PBL2,Achillea_millefolium,0.05,NA,NA,0.0533,Literature,2.43,NA,NA,NA,NA,NA,2.43
1,06-Jul,Etienne Desmarteaux,2,JED,1_JED2,Tanacetum_parthenium,0.1,NA,NA,NA,,2.25,2.93,1.77,2.51,2.94,NA,2.48
1,07-Jul,George Vanier,2,NGV,1_NGV2,Leucanthemum_vulgare,0.15,NA,NA,0.2925,All_Plots,1.84,1.97,1.71,NA,NA,NA,1.84
1,06-Jul,Etienne Desmarteaux,2,JED,1_JED2,Leucanthemum_vulgare,0.05,NA,NA,0.25,Site_Average,1.77,NA,NA,NA,NA,NA,1.77
1,07-Jul,Lakeview,2,CLV,1_CLV2,Trifolium_dubium,0.025,NA,NA,NA,,1.58,NA,NA,NA,NA,NA,1.58
1,07-Jul,Presentation,2,CP,1_CP2,Erigeron_annuus,0.025,NA,NA,NA,,0.57,0.49,0.62,NA,NA,NA,0.56
1,07-Jul,Bois de Liesse,2,PBL,1_PBL2,Erigeron_annuus,0.1,NA,NA,NA,,0.44,NA,NA,NA,NA,NA,0.44
1,07-Jul,Urgel Bourgie,3,CC,1_CC3,Hemerocallis_fulva,0.1,0.17,0.16,0.17,Plot,50.74,47.38,37.87,NA,NA,NA,45.33
1,07-Jul,George Vanier,3,NGV,1_NGV3,Saponaria_officinalis,0.2,0.5,NA,0.5,Plot,24.67,23.59,23.01,NA,NA,NA,23.75666667
1,07-Jul,Urgel Bourgie,3,CC,1_CC3,Hemerocallis_lilioasphodelus,0.2,0.3,NA,0.3,Plot,23.42,21.9,26.7,NA,NA,NA,24.00666667
1,07-Jul,Réal-Gareau,3,JS,1_JS3,Papaver_somniferum,0.025,NA,NA,0.1,All_Plots,14.43,14.21,14.86,NA,NA,NA,14.5
1,06-Jul,Roseraies,3,JR,1_JR3,Phaseolus_vulgaris,0.025,0.15,NA,0.15,Plot,12.65,14.54,10.77,13.76,11.91,NA,12.726
1,06-Jul,Pointe aux Prairies,3,PPPM,1_PPPM3,Vicia_villosa,0.05,NA,NA,0.22,Site_Average,10.62,NA,NA,NA,NA,NA,10.62
1,06-Jul,Rosemont,3,JRE,1_JRE3,Sonchus_oleraceus,0.05,0.21,NA,0.21,Plot,10.41,9.88,10.61,NA,NA,NA,10.3
1,07-Jul,Réal-Gareau,3,JS,1_JS3,Echinacea_purpurea,0.025,NA,NA,0.21,All_Plots,9.95,9.07,9.57,NA,NA,NA,9.53
1,06-Jul,Rosemont,3,JRE,1_JRE3,Hesperis_matronalis,0.05,NA,NA,0.21,All_Plots,9.22,8.53,7.95,NA,NA,NA,8.566666667
1,06-Jul,Pere Marquette,3,JPM,1_JPM3,Calendula_officinalis,0.1,NA,NA,0.166,All_Plots,9.08,4.25,7.14,2.63,5.41,NA,5.702
1,06-Jul,Pere Marquette,3,JPM,1_JPM3,Viola_tricolor,0.025,NA,NA,0.33,All_Plots,9.07,7.64,6.83,7.05,7.04,NA,7.526
1,06-Jul,Etienne Desmarteaux,3,JED,1_JED3,Tagetes_erecta,0.025,NA,NA,0.238571429,All_Plots,8.59,7.56,7.79,NA,NA,NA,7.98
1,07-Jul,George Vanier,3,NGV,1_NGV3,Cosmos_bipinnatus,0.025,0.32,NA,0.32,Plot,8.18,8.09,9.5,NA,NA,NA,8.59
1,06-Jul,52e ave,3,N52,1_N523,Lotus_corniculatus,0.025,NA,NA,0.21,All_Plots,8,6.68,8.93,8.48,7.36,NA,7.89
1,06-Jul,Roseraies,3,JR,1_JR3,Solanum_lycopersicum,0.025,NA,NA,0.2,All_Plots,7.85,NA,NA,NA,NA,NA,7.85
1,06-Jul,Rosemont,3,JRE,1_JRE3,Lavandula_angustifolia,0.05,NA,NA,0.278333333,Site_Average,7.08,NA,NA,NA,NA,NA,7.08
1,07-Jul,Réal-Gareau,3,JS,1_JS3,Centaurea_cyanus,0.025,NA,NA,0.21,All_Plots,6.52,NA,NA,NA,NA,NA,6.52
1,06-Jul,Roseraies,3,JR,1_JR3,Tagetes_patula,0.05,0.28,NA,0.28,Plot,6.5,6.78,10.56,6.39,6.56,NA,7.358
1,07-Jul,Bois de Liesse,3,PBL,1_PBL3,Vicia_villosa,0.05,0.27,NA,0.27,Plot,6.2,NA,NA,NA,NA,NA,6.2
1,07-Jul,Shaare Zion,3,CBS,1_CBS3,Trifolium_repens,0.025,NA,NA,0.329119497,Literature,4.75,5.2,4.32,NA,NA,NA,4.756666667
1,07-Jul,Presentation,3,CP,1_CP3,Trifolium_repens,0.025,NA,NA,0.329119497,Literature,4.52,5.12,4.45,NA,NA,NA,4.696666667
1,07-Jul,George Vanier,3,NGV,1_NGV3,Geranium_sylvaticum,0.05,NA,NA,NA,,4.43,5.11,5.2,NA,NA,NA,4.913333333
1,06-Jul,52e ave,3,N52,1_N523,Potentilla_recta,0.025,NA,NA,0.59,Literature,3.83,4.04,4.24,NA,NA,NA,4.036666667
1,06-Jul,Laurendeau,3,JL,1_JL3,Solanum_lycopersicum,0.05,NA,NA,0.2,All_Plots,3.46,NA,NA,NA,NA,NA,3.46
1,06-Jul,Pere Marquette,3,JPM,1_JPM3,Coriandrum_sativum,0.6,NA,NA,0.6029,Literature,3.14,3.12,2.82,3.2,2.41,NA,2.938
1,06-Jul,Laurendeau,3,JL,1_JL3,Matricaria_chamomilla,0.2,NA,NA,NA,,2.99,NA,NA,NA,NA,NA,2.99
1,06-Jul,Etienne Desmarteaux,3,JED,1_JED3,Centaurea_cyanus,0.3,NA,NA,0.21,All_Plots,2.63,2.6,2.83,NA,NA,NA,2.686666667
1,07-Jul,Urgel Bourgie,3,CC,1_CC3,Leucanthemum_vulgare,0.4,NA,NA,0.2925,All_Plots,2.5,2.67,2.38,NA,NA,NA,2.516666667
1,06-Jul,Etienne Desmarteaux,3,JED,1_JED3,Leucanthemum_vulgare,0.4,NA,NA,0.25,Site_Average,2.12,NA,NA,NA,NA,NA,2.12
1,06-Jul,Prieur,3,JP,1_JP3,Achillea_millefolium,0.15,NA,NA,0.0533,Literature,1.89,2.37,1.8,NA,NA,NA,2.02
1,07-Jul,Lakeview,3,CLV,1_CLV3,Tanacetum_parthenium,0.05,NA,NA,NA,,1.67,1.78,1.65,NA,NA,NA,1.7
1,07-Jul,George Vanier,3,NGV,1_NGV3,Hypericum_perforatum,0.05,0.21,NA,0.21,Plot,1.31,0.85,1.05,NA,NA,NA,1.07
1,06-Jul,Laurendeau,3,JL,1_JL3,Anethum_graveolens,0.1,NA,NA,NA,,0.92,0.82,0.78,NA,NA,NA,0.84
1,07-Jul,Réal-Gareau,3,JS,1_JS3,Coriandrum_sativum,0.05,NA,NA,0.6029,Literature,0.89,NA,NA,NA,NA,NA,0.89
1,07-Jul,Bois de Liesse,3,PBL,1_PBL3,Erigeron_annuus,0.2,NA,NA,NA,,0.62,NA,NA,NA,NA,NA,0.62
1,07-Jul,Pointe Verte,3,NPSC,1_NPSC3,Hydrangea_arborescens,0.7,NA,NA,NA,,0.01,NA,NA,NA,NA,NA,0.01
1,07-Jul,Pointe Verte,4,NPSC,1_NPSC4,Hemerocallis_fulva,0.025,0.17,NA,0.17,Plot,51.96,NA,NA,NA,NA,NA,51.96
1,07-Jul,George Vanier,4,NGV,1_NGV4,Rosa_chinensis,0.05,NA,NA,NA,,25.57,25.28,24.21,NA,NA,NA,25.02
1,06-Jul,Prieur,4,JP,1_JP4,Rosa_chinensis,0.025,NA,NA,NA,,20.87,NA,NA,NA,NA,NA,20.87
1,07-Jul,George Vanier,4,NGV,1_NGV4,Phlox_paniculata,0.25,0.3,NA,0.3,Plot,19.91,NA,NA,NA,NA,NA,19.91
1,07-Jul,Urgel Bourgie,4,CC,1_CC4,Weigela_florida,0.025,NA,NA,0.28,Site_Average,17.96,18.07,18.15,NA,NA,NA,18.06
1,06-Jul,Laurendeau,4,JL,1_JL4,Dianthus_plumarius,0.025,0.09,NA,0.09,Plot,17.76,20.28,18,18.93,21.12,NA,19.218
1,07-Jul,George Vanier,4,NGV,1_NGV4,Alcea_rosea,0.1,0.35,NA,0.35,Plot,12.46,11.54,11.19,NA,NA,NA,11.73
1,06-Jul,Prieur,4,JP,1_JP4,Viola_tricolor,0.025,NA,NA,0.33,All_Plots,11,8.4,8.24,8.04,8.01,NA,8.738
1,06-Jul,Etienne Desmarteaux,4,JED,1_JED4,Papaver_somniferum,0.025,NA,NA,0.1,All_Plots,10.86,13.28,NA,NA,NA,NA,12.07
1,06-Jul,Prieur,4,JP,1_JP4,Tagetes_erecta,0.025,NA,NA,0.238571429,All_Plots,10.67,11.56,12.72,NA,NA,NA,11.65
1,06-Jul,Roseraies,4,JR,1_JR4,Viola_tricolor,0.85,0.5,NA,0.5,Plot,9.45,12.06,11.8,9.35,10.23,NA,10.578
1,07-Jul,George Vanier,4,NGV,1_NGV4,Salvia_farinacea,0.05,0.29,NA,0.29,Plot,9.15,NA,NA,NA,NA,NA,9.15
1,06-Jul,Rosemont,4,JRE,1_JRE4,Lavandula_angustifolia,0.1,0.29,0.28,0.29,Plot,6.93,7.96,7.42,NA,NA,NA,7.436666667
1,07-Jul,Bois de Liesse,4,PBL,1_PBL4,Vicia_villosa,0.05,0.27,NA,0.27,Plot,5.62,NA,NA,NA,NA,NA,5.62
1,07-Jul,Lakeview,4,CLV,1_CLV4,Prunella_vulgaris,0.025,NA,NA,0.42755102,Literature,5.03,5.15,4.75,NA,NA,NA,4.976666667
1,06-Jul,Laurendeau,4,JL,1_JL4,Sedum_acre,0.1,0.04,NA,0.04,Plot,5.01,5.05,5.49,5.37,5.36,NA,5.256
1,06-Jul,Prieur,4,JP,1_JP4,Thymus_vulgaris,0.15,NA,NA,0.242222222,All_Plots,4.96,3.94,3.93,5.22,4.56,NA,4.522
1,07-Jul,Shaare Zion,4,CBS,1_CBS4,Trifolium_repens,0.025,NA,NA,0.329119497,Literature,4.78,NA,NA,NA,NA,NA,4.78
1,06-Jul,Pointe aux Prairies,4,PPPM,1_PPPM4,Valeriana_officinalis,0.025,NA,NA,0.19,All_Plots,3.98,2.97,3.11,2.68,3.35,NA,3.218
1,07-Jul,Lakeview,4,CLV,1_CLV4,Trifolium_repens,0.1,NA,NA,0.329119497,Literature,3.83,4.3,4.15,NA,NA,NA,4.093333333
1,07-Jul,Presentation,4,CP,1_CP4,Solanum_dulcamara,0.025,NA,NA,0.146666667,All_Plots,3.72,3.66,4.12,NA,NA,NA,3.833333333
1,06-Jul,Pere Marquette,4,JPM,1_JPM4,Coriandrum_sativum,0.2,NA,NA,0.6029,Literature,2.92,2.6,2.32,2.59,2.82,NA,2.65
1,06-Jul,Pere Marquette,4,JPM,1_JPM4,Centaurea_cyanus,0.4,NA,NA,0.21,Site_Average,2.64,NA,NA,NA,NA,NA,2.64
1,07-Jul,Pointe Verte,4,NPSC,1_NPSC4,Solanum_lycopersicum,0.025,NA,NA,0.2,All_Plots,2.63,2.86,3.52,NA,NA,NA,3.003333333
1,06-Jul,Rosemont,4,JRE,1_JRE4,Thymus_vulgaris,0.1,0.26,0.26,0.26,Plot,2.5,NA,NA,NA,NA,NA,2.5
1,07-Jul,Réal-Gareau,4,JS,1_JS4,Rubus_idaeus,0.1,NA,NA,0.283976471,Literature,2.32,2.67,2.93,NA,NA,NA,2.64
1,06-Jul,Etienne Desmarteaux,4,JED,1_JED4,Matricaria_chamomilla,0.3,NA,NA,NA,,1.95,2.9,1.99,NA,NA,NA,2.28
1,06-Jul,Etienne Desmarteaux,4,JED,1_JED4,Leucanthemum_vulgare,0.1,NA,NA,0.25,Site_Average,1.48,1.3,1.7,0.91,1.96,NA,1.47
1,07-Jul,George Vanier,4,NGV,1_NGV4,Tanacetum_parthenium,0.1,NA,NA,NA,,1.37,1.63,1.74,NA,NA,NA,1.58
1,06-Jul,Laurendeau,4,JL,1_JL4,Anethum_graveolens,0.05,NA,NA,NA,,0.82,NA,NA,NA,NA,NA,0.82
1,07-Jul,Bois de Liesse,4,PBL,1_PBL4,Erigeron_annuus,0.1,NA,NA,NA,,0.37,NA,NA,NA,NA,NA,0.37
1,07-Jul,George Vanier,5,NGV,1_NGV5,Cucurbita_pepo,0.025,0.33,NA,0.33,Plot,NA,NA,NA,NA,NA,NA,52.88311111
1,07-Jul,Pointe Verte,5,NPSC,1_NPSC5,Solanum_lycopersicum,0.025,NA,NA,0.2,All_Plots,NA,NA,NA,NA,NA,NA,3.003333333
1,06-Jul,Prieur,5,JP,1_JP5,Aquilegia_vulgaris,0.05,0.31,NA,0.31,Plot,66.78,60.89,63.76,49.41,66.2,NA,61.408
1,06-Jul,Prieur,5,JP,1_JP5,Hemerocallis_lilioasphodelus,0.1,0.21,NA,0.21,Plot,48.31,50.88,53.5,47.17,54.79,NA,50.93
1,06-Jul,Prieur,5,JP,1_JP5,Impatiens_hawkeri,0.025,0.26,NA,0.26,Plot,45.63,42.71,41.25,41.91,51.3,NA,44.56
1,06-Jul,Prieur,5,JP,1_JP5,Petunia_x_hybrida,0.07,NA,NA,0.2125,All_Plots,43.38,42.75,40.31,41.03,38.74,NA,41.242
1,06-Jul,Roseraies,5,JR,1_JR5,Hemerocallis_lilioasphodelus,0.1,0.21,NA,0.21,Plot,38.29,NA,NA,NA,NA,NA,38.29
1,06-Jul,Etienne Desmarteaux,5,JED,1_JED5,Petunia_x_hybrida,0.05,0.35,NA,0.35,Plot,37.42,27.4,30.8,NA,NA,NA,31.87333333
1,06-Jul,Prieur,5,JP,1_JP5,Impatiens_walleriana,0.05,0.28,NA,0.28,Plot,34.29,31.14,29.29,28.24,33.78,NA,31.348
1,07-Jul,George Vanier,5,NGV,1_NGV5,Lilium_bulbiferum,0.025,0.33,NA,0.33,Plot,32.23,30.15,29.23,NA,NA,NA,30.53666667
1,06-Jul,Laurendeau,5,JL,1_JL5,Cucurbita_pepo,0.1,0.09,NA,0.09,Plot,24.71,20.96,25.34,33.55,22.24,NA,25.36
1,06-Jul,Rosemont,5,JRE,1_JRE5,Campanula_persicifolia,0.05,NA,NA,0.479,Literature,23.14,21.04,21.06,19.42,18.68,NA,20.668
1,06-Jul,Etienne Desmarteaux,5,JED,1_JED5,Glebionis_segetum,0.025,NA,NA,NA,,23.02,33.95,30.64,29.35,31.79,NA,29.75
1,06-Jul,Prieur,5,JP,1_JP5,Delphinium_elatum,0.025,NA,NA,NA,,20.34,27.37,24.69,20.64,23.31,NA,23.27
1,06-Jul,Prieur,5,JP,1_JP5,Lilium_bulbiferum,0.05,NA,NA,0.245,All_Plots,18.65,24.73,17.15,20.79,20.26,NA,20.316
1,06-Jul,Rosemont,5,JRE,1_JRE5,Pelargonium_zonale,0.05,0.21,NA,0.21,Plot,17.05,22.76,19.7,23.29,23.07,NA,21.174
1,06-Jul,Laurendeau,5,JL,1_JL5,Tagetes_erecta,0.1,NA,NA,0.238571429,All_Plots,12.78,NA,NA,NA,NA,NA,12.78
1,06-Jul,Rosemont,5,JRE,1_JRE5,Lamium_maculatum,0.1,0.15,NA,0.15,Plot,12.43,10.53,8.11,10.53,9.53,NA,10.226
1,06-Jul,Etienne Desmarteaux,5,JED,1_JED5,Tagetes_erecta,0.025,NA,NA,0.238571429,All_Plots,10.5,10.29,8.09,8.56,8.57,NA,9.202
1,07-Jul,Shaare Zion,5,CBS,1_CBS5,Convolvulus_arvensis,0.025,0.29,NA,0.29,Plot,9.2,NA,NA,NA,NA,NA,9.2
1,06-Jul,Pointe aux Prairies,5,PPPM,1_PPPM5,Vicia_villosa,0.1,NA,NA,0.22,Site_Average,8.61,NA,NA,NA,NA,NA,8.61
1,07-Jul,Réal-Gareau,5,JS,1_JS5,Hesperis_matronalis,0.25,NA,NA,0.21,All_Plots,8.53,8.27,8.41,NA,NA,NA,8.403333333
1,07-Jul,George Vanier,5,NGV,1_NGV5,Salvia_rosmarinus,0.05,0.27,NA,0.27,Plot,8.11,8.17,8.03,NA,NA,NA,8.103333333
1,06-Jul,Laurendeau,5,JL,1_JL5,Solanum_lycopersicum,0.025,NA,NA,0.2,All_Plots,7.64,NA,NA,NA,NA,NA,7.64
1,07-Jul,George Vanier,5,NGV,1_NGV5,Phaseolus_vulgaris,0.025,0.2,NA,0.2,Plot,6.95,7.48,8.61,NA,NA,NA,7.68
1,07-Jul,Bois de Liesse,5,PBL,1_PBL5,Vicia_villosa,0.025,NA,NA,0.2525,Site_Average,5.68,NA,NA,NA,NA,NA,5.68
1,06-Jul,Etienne Desmarteaux,5,JED,1_JED5,Tagetes_patula,0.025,NA,NA,0.28,All_Plots,5.52,7.54,4.99,5.53,4.87,NA,5.69
1,07-Jul,Bois de Liesse,5,PBL,1_PBL5,Rudbeckia_fulgida,0.1,NA,NA,NA,,5.07,5.15,5.87,NA,NA,NA,5.363333333
1,06-Jul,Etienne Desmarteaux,5,JED,1_JED5,Achillea_millefolium,0.05,NA,NA,0.0533,Literature,4.28,3.53,4.04,3.59,3.74,NA,3.836
1,07-Jul,Shaare Zion,5,CBS,1_CBS5,Trifolium_repens,0.025,NA,NA,0.329119497,Literature,4.21,NA,NA,NA,NA,NA,4.21
1,07-Jul,Bois de Liesse,5,PBL,1_PBL5,Leucanthemum_vulgare,0.05,NA,NA,0.2925,All_Plots,3.93,3.8,4.03,NA,NA,NA,3.92
1,06-Jul,Roseraies,5,JR,1_JR5,Solanum_lycopersicum,0.05,NA,NA,0.2,All_Plots,3.36,5.2,4.09,NA,NA,NA,4.216666667
1,06-Jul,Pere Marquette,5,JPM,1_JPM5,Thymus_vulgaris,0.15,NA,NA,0.242222222,All_Plots,3.29,NA,NA,NA,NA,NA,3.29
1,06-Jul,Prieur,5,JP,1_JP5,Leucanthemum_vulgare,0.1,NA,NA,0.2925,All_Plots,3.25,1.79,3.19,2.17,2.82,NA,2.644
1,07-Jul,Réal-Gareau,5,JS,1_JS5,Thymus_vulgaris,0.1,0.19,NA,0.19,Plot,3.2,3.95,3.57,NA,NA,NA,3.573333333
1,07-Jul,Bois de Liesse,5,PBL,1_PBL5,Achillea_millefolium,0.1,NA,NA,0.0533,Literature,3.2,NA,NA,NA,NA,NA,3.2
1,07-Jul,Presentation,5,CP,1_CP5,Solanum_dulcamara,0.025,NA,NA,0.146666667,All_Plots,2.75,NA,NA,NA,NA,NA,2.75
1,07-Jul,Pointe Verte,5,NPSC,1_NPSC5,Galinsoga_quadriradiata,0.025,NA,NA,NA,,2.56,2.34,2.13,NA,NA,NA,2.343333333
1,07-Jul,Lakeview,5,CLV,1_CLV5,Leucanthemum_vulgare,0.025,NA,NA,0.2925,All_Plots,2.52,1.81,1.05,NA,NA,NA,1.793333333
1,07-Jul,Shaare Zion,5,CBS,1_CBS5,Begonia_cucullata,0.1,NA,NA,NA,,2.39,NA,NA,NA,NA,NA,2.39
1,06-Jul,Pere Marquette,5,JPM,1_JPM5,Erigeron_annuus,0.07,NA,NA,NA,,2.17,4.66,4.44,5.84,3.76,NA,4.174
1,06-Jul,Etienne Desmarteaux,5,JED,1_JED5,Matricaria_chamomilla,0.05,NA,NA,NA,,2.01,NA,NA,NA,NA,NA,2.01
1,07-Jul,Lakeview,5,CLV,1_CLV5,Hypericum_perforatum,0.07,NA,NA,0.21,All_Plots,1.69,1.66,1.23,NA,NA,NA,1.526666667
1,07-Jul,Urgel Bourgie,5,CC,1_CC5,Spiraea_japonica,0.1,NA,NA,NA,,1.52,1.32,1.11,NA,NA,NA,1.316666667
1,06-Jul,Etienne Desmarteaux,5,JED,1_JED5,Achillea_millefolium,0.15,NA,NA,0.0533,Literature,1.44,2.77,2.23,NA,NA,NA,2.146666667
1,07-Jul,Pointe Verte,5,NPSC,1_NPSC5,Allium_cepa,0.025,NA,NA,0.553004545,Literature,1.22,1.37,1.44,NA,NA,NA,1.343333333
1,07-Jul,Bois de Liesse,5,PBL,1_PBL5,Erigeron_annuus,0.15,NA,NA,NA,,0.55,NA,NA,NA,NA,NA,0.55
1,07-Jul,Pointe Verte,5,NPSC,1_NPSC5,Hydrangea_arborescens,0.15,NA,NA,NA,,0.01,NA,NA,NA,NA,NA,0.01
1,06-Jul,Prieur,6,JP,1_JP6,Hemerocallis_fulva,0.1,0.24,0.27,0.26,Plot,48.01,43.26,40.97,NA,NA,NA,44.08
1,06-Jul,Roseraies,6,JR,1_JR6,Cucurbita_pepo,0.05,0.06,NA,0.06,Plot,43.56,NA,NA,NA,NA,NA,43.56
1,07-Jul,George Vanier,6,NGV,1_NGV6,Petunia_violacea,0.025,0.35,NA,0.35,Plot,23.84,26.16,23.23,NA,NA,NA,24.41
1,07-Jul,George Vanier,6,NGV,1_NGV6,Dianthus_armeria,0.025,NA,NA,NA,,19.52,18.5,20.1,NA,NA,NA,19.37333333
1,07-Jul,George Vanier,6,NGV,1_NGV6,Phlox_paniculata,0.15,0.23,NA,0.23,Plot,19.1,NA,NA,NA,NA,NA,19.1
1,06-Jul,Pere Marquette,6,JPM,1_JPM6,Salvia_rosmarinus,0.1,NA,NA,0.275,All_Plots,13.01,10.6,10.04,9.86,8.95,NA,10.492
1,06-Jul,Rosemont,6,JRE,1_JRE6,Tagetes_erecta,0.1,0.25,NA,0.25,Plot,10.86,10.8,9.98,12.17,9.11,NA,10.584
1,07-Jul,George Vanier,6,NGV,1_NGV6,Viola_x_wittrockiana,0.1,0.37,NA,0.37,Plot,10.39,6.21,6.41,NA,NA,NA,7.67
1,07-Jul,George Vanier,6,NGV,1_NGV6,Achillea_millefolium,0.1,NA,NA,0.0533,Literature,10.11,9.74,9.3,NA,NA,NA,9.716666667
1,07-Jul,George Vanier,6,NGV,1_NGV6,Lamium_maculatum,0.05,0.42,NA,0.42,Plot,10.11,9.74,9.3,NA,NA,NA,9.716666667
1,06-Jul,Pointe aux Prairies,6,PPPM,1_PPPM6,Vicia_villosa,0.025,NA,NA,0.22,Site_Average,9.45,NA,NA,NA,NA,NA,9.45
1,07-Jul,Shaare Zion,6,CBS,1_CBS6,Convolvulus_arvensis,0.1,0.31,NA,0.31,Plot,8.88,NA,NA,NA,NA,NA,8.88
1,06-Jul,Etienne Desmarteaux,6,JED,1_JED6,Origanum_vulgare,0.15,NA,NA,0.19,All_Plots,5.48,3.37,4.34,4.98,3.33,NA,4.3
1,06-Jul,Roseraies,6,JR,1_JR6,Cichorium_intybus,0.025,0.2,NA,0.2,Plot,5.18,7.83,6.54,NA,NA,NA,6.516666667
1,07-Jul,Pointe Verte,6,NPSC,1_NPSC6,Calendula_officinalis,0.025,NA,NA,0.166,All_Plots,3.87,5.74,5.71,NA,NA,NA,5.106666667
1,06-Jul,Etienne Desmarteaux,6,JED,1_JED6,Thymus_vulgaris,0.15,NA,NA,0.242222222,All_Plots,3.71,3.74,3.08,3.08,3.74,NA,3.47
1,07-Jul,Urgel Bourgie,6,CC,1_CC6,Rosa_gallica,0.025,NA,NA,NA,,3.4,NA,NA,NA,NA,NA,3.4
1,07-Jul,Bois de Liesse,6,PBL,1_PBL6,Achillea_millefolium,0.25,NA,NA,0.0533,Literature,3.25,NA,NA,NA,NA,NA,3.25
1,06-Jul,Laurendeau,6,JL,1_JL6,Thymus_vulgaris,0.05,0.22,NA,0.22,Plot,2.86,NA,NA,NA,NA,NA,2.86
1,06-Jul,Roseraies,6,JR,1_JR6,Thymus_vulgaris,0.1,NA,NA,0.242222222,All_Plots,2.86,3.85,2.65,3.29,3.54,NA,3.238
1,06-Jul,Etienne Desmarteaux,6,JED,1_JED6,Achillea_millefolium,0.05,NA,NA,0.0533,Literature,2.77,2.76,3.13,NA,NA,NA,2.886666667
1,06-Jul,Rosemont,6,JRE,1_JRE6,Thymus_vulgaris,0.1,NA,NA,0.26,Site_Average,2.15,1.77,1.5,1.79,2.05,NA,1.852
1,06-Jul,Roseraies,6,JR,1_JR6,Calendula_arvensis,0.025,0.14,NA,0.14,Plot,2.1,2.78,3.92,7.85,5.63,NA,4.456
1,07-Jul,George Vanier,6,NGV,1_NGV6,Leucanthemum_vulgare,0.05,NA,NA,0.2925,All_Plots,1.77,NA,NA,NA,NA,NA,1.77
1,07-Jul,Lakeview,6,CLV,1_CLV6,Trifolium_dubium,0.025,NA,NA,NA,,1.73,NA,NA,NA,NA,NA,1.73
1,07-Jul,Pointe Verte,6,NPSC,1_NPSC6,Allium_cepa,0.025,NA,NA,0.553004545,Literature,1.49,1.28,1.37,NA,NA,NA,1.38
1,06-Jul,Roseraies,6,JR,1_JR6,Hypericum_scouleri,0.3,NA,NA,NA,,1.34,1.51,0.85,NA,NA,NA,1.233333333
1,07-Jul,Réal-Gareau,6,JS,1_JS6,Tanacetum_parthenium,0.2,NA,NA,NA,,1.12,NA,NA,NA,NA,NA,1.12
1,07-Jul,Urgel Bourgie,6,CC,1_CC6,Dasiphora_fruticosa,0.025,NA,NA,NA,,0.94,0.95,1.02,NA,NA,NA,0.97
1,07-Jul,Presentation,6,CP,1_CP6,Trifolium_dubium,0.025,NA,NA,NA,,0.67,0.86,0.71,NA,NA,NA,0.746666667
1,07-Jul,Bois de Liesse,6,PBL,1_PBL6,Erigeron_annuus,0.15,NA,NA,NA,,0.58,NA,NA,NA,NA,NA,0.58
1,06-Jul,Prieur,6,JP,1_JP6,Chelidonium_majus,0.025,NA,NA,NA,,0.49,0.79,0.69,NA,NA,NA,0.656666667
1,06-Jul,Etienne Desmarteaux,7,JED,1_JED7,Tagetes_patula,0.025,NA,NA,0.28,All_Plots,NA,NA,NA,NA,NA,NA,5.69
1,06-Jul,Roseraies,7,JR,1_JR7,Cucurbita_pepo,0.05,NA,NA,0.06,Site_Average,52.26,NA,NA,NA,NA,NA,52.26
1,07-Jul,George Vanier,7,NGV,1_NGV7,Lilium_bulbiferum,0.2,NA,NA,0.245,All_Plots,31.28,NA,NA,NA,NA,NA,31.28
1,07-Jul,Urgel Bourgie,7,CC,1_CC7,Hemerocallis_fulva,0.15,0.21,NA,0.21,Plot,28.15,27.05,28.8,NA,NA,NA,28
1,06-Jul,Rosemont,7,JRE,1_JRE7,Papaver_somniferum,0.025,0.1,NA,0.1,Plot,17.27,15.5,22.05,21.05,16.4,NA,18.454
1,06-Jul,Prieur,7,JP,1_JP7,Calibrachoa_parviflora,0.025,NA,NA,NA,,16.81,16.6,17.01,14.73,15.26,NA,16.082
1,07-Jul,Bois de Liesse,7,PBL,1_PBL7,Centaurea_jacea,0.05,NA,NA,0.155,Site_Average,15.6,14.09,13.87,NA,NA,NA,14.52
1,07-Jul,Pointe Verte,7,NPSC,1_NPSC7,Silene_vulgaris,0.1,NA,NA,0.460375,Literature,14.37,12.87,13.25,NA,NA,NA,13.49666667
1,07-Jul,George Vanier,7,NGV,1_NGV7,Dianthus_armeria,0.025,NA,NA,NA,,14.17,20.77,16.75,NA,NA,NA,17.23
1,06-Jul,Rosemont,7,JRE,1_JRE7,Pelargonium_zonale,0.025,NA,NA,0.235,All_Plots,13.9,9.22,14.44,9.72,15.35,NA,12.526
1,06-Jul,Prieur,7,JP,1_JP7,Lunaria_annua,0.025,NA,NA,NA,,10.75,8.78,9.74,8.56,8.27,NA,9.22
1,06-Jul,Laurendeau,7,JL,1_JL7,Viola_tricolor,0.05,0.2,NA,0.2,Plot,10.12,12.52,13.99,9.9,13.98,NA,12.102
1,07-Jul,Shaare Zion,7,CBS,1_CBS7,Convolvulus_arvensis,0.025,0.29,NA,0.29,Plot,8.58,NA,NA,NA,NA,NA,8.58
1,06-Jul,Etienne Desmarteaux,7,JED,1_JED7,Trifolium_repens,0.1,NA,NA,0.329119497,Literature,6.82,9.82,8.37,5.82,6.88,NA,7.542
1,07-Jul,Réal-Gareau,7,JS,1_JS7,Centaurea_cyanus,0.3,NA,NA,0.21,All_Plots,6.42,NA,NA,NA,NA,NA,6.42
1,07-Jul,Réal-Gareau,7,JS,1_JS7,Leucanthemum_vulgare,0.3,NA,NA,0.2925,All_Plots,5.22,5.69,5.43,NA,NA,NA,5.446666667
1,06-Jul,Prieur,7,JP,1_JP7,Cosmos_bipinnatus,0.025,NA,NA,0.32,All_Plots,5.12,6.88,NA,NA,NA,NA,6
1,06-Jul,Rosemont,7,JRE,1_JRE7,Centaurea_cyanus,0.025,NA,NA,0.21,All_Plots,4.34,4.98,4.59,NA,NA,NA,4.636666667
1,07-Jul,Shaare Zion,7,CBS,1_CBS7,Trifolium_repens,0.05,NA,NA,0.329119497,Literature,4.12,NA,NA,NA,NA,NA,4.12
1,07-Jul,George Vanier,7,NGV,1_NGV7,Heliopsis_helianthoides,0.15,NA,NA,0.24,All_Plots,3.61,4.09,4.25,NA,NA,NA,3.983333333
1,07-Jul,Réal-Gareau,7,JS,1_JS7,Solanum_lycopersicum,0.025,0.22,NA,0.22,Plot,3.1,3.42,2.89,NA,NA,NA,3.136666667
1,06-Jul,Pere Marquette,7,JPM,1_JPM7,Centaurea_cyanus,0.3,NA,NA,0.21,Site_Average,2.9,NA,NA,NA,NA,NA,2.9
1,07-Jul,Presentation,7,CP,1_CP7,Solanum_dulcamara,0.025,NA,NA,0.146666667,All_Plots,2.89,NA,NA,NA,NA,NA,2.89
1,06-Jul,Etienne Desmarteaux,7,JED,1_JED7,Leucanthemum_vulgare,0.05,NA,NA,0.25,Site_Average,2.2,NA,NA,NA,NA,NA,2.2
1,06-Jul,Rosemont,7,JRE,1_JRE7,Leucanthemum_vulgare,0.05,0.19,NA,0.19,Plot,2.01,NA,NA,NA,NA,NA,2.01
1,07-Jul,Lakeview,7,CLV,1_CLV7,Trifolium_dubium,0.025,NA,NA,NA,,1.63,NA,NA,NA,NA,NA,1.63
1,07-Jul,Shaare Zion,7,CBS,1_CBS7,Trifolium_dubium,0.025,NA,NA,NA,,1.3,1.02,1.2,NA,NA,NA,1.173333333
1,07-Jul,George Vanier,7,NGV,1_NGV7,Filipendula_rubra,0.025,NA,NA,NA,,1.14,0.86,1.05,NA,NA,NA,1.016666667
1,07-Jul,Bois de Liesse,7,PBL,1_PBL7,Erigeron_annuus,0.3,NA,NA,NA,,0.62,NA,NA,NA,NA,NA,0.62
1,07-Jul,Pointe Verte,7,NPSC,1_NPSC7,Hydrangea_arborescens,0.4,NA,NA,NA,,0.01,NA,NA,NA,NA,NA,0.01
1,07-Jul,Urgel Bourgie,8,CC,1_CC8,Hemerocallis_fulva,0.4,0.19,NA,0.19,Plot,45.82,NA,NA,NA,NA,NA,45.82
1,06-Jul,Roseraies,8,JR,1_JR8,Cucurbita_pepo,0.025,NA,NA,0.06,Site_Average,44.65,NA,NA,NA,NA,NA,44.65
1,06-Jul,Prieur,8,JP,1_JP8,Digitalis_purpurea,0.025,NA,NA,0.29167278,Literature,37.37,30.22,34.84,34.91,33.49,NA,34.166
1,06-Jul,Rosemont,8,JRE,1_JRE8,Monarda_didyma,0.05,0.5,NA,0.5,Plot,23.22,30.95,30.95,29.05,28.28,NA,28.49
1,06-Jul,Pere Marquette,8,JPM,1_JPM8,Campanula_persicifolia,0.05,NA,NA,0.479,Literature,22.96,19.48,24.52,19.5,21.64,NA,21.62
1,06-Jul,Prieur,8,JP,1_JP8,Hemerocallis_lilioasphodelus,0.05,NA,NA,0.225714286,Site_Average,19.84,NA,NA,NA,NA,NA,19.84
1,07-Jul,George Vanier,8,NGV,1_NGV8,Phlox_paniculata,0.2,0.17,NA,0.17,Plot,19.68,18.42,18.5,NA,NA,NA,18.86666667
1,06-Jul,Etienne Desmarteaux,8,JED,1_JED8,Malva_alcea,0.25,NA,NA,NA,,16.19,17.63,19.95,18.24,14.49,NA,17.3
1,06-Jul,Roseraies,8,JR,1_JR8,Cucumis_sativus,0.025,NA,NA,0.36,Site_Average,12.53,NA,NA,NA,NA,NA,12.53
1,06-Jul,Pere Marquette,8,JPM,1_JPM8,Erysimum_odoratum,0.025,NA,NA,NA,,11.21,9.46,10.39,12.63,11.68,NA,11.074
1,07-Jul,Presentation,8,CP,1_CP8,Convolvulus_arvensis,0.05,0.23,NA,0.23,Plot,10.48,11.53,9.98,NA,NA,NA,10.66333333
1,06-Jul,Pere Marquette,8,JPM,1_JPM8,Hesperis_matronalis,0.025,NA,NA,0.21,All_Plots,10.23,10.85,11.4,10.59,11.22,NA,10.858
1,06-Jul,Pointe aux Prairies,8,PPPM,1_PPPM8,Vicia_villosa,0.15,NA,NA,0.22,Site_Average,9.17,7.18,11.27,7.88,7.17,NA,8.534
1,07-Jul,Shaare Zion,8,CBS,1_CBS8,Convolvulus_arvensis,0.025,0.37,NA,0.37,Plot,8.55,NA,NA,NA,NA,NA,8.55
1,07-Jul,George Vanier,8,NGV,1_NGV8,Salvia_farinacea,0.05,0.5,NA,0.5,Plot,8.55,8.83,10.21,NA,NA,NA,9.196666667
1,06-Jul,Prieur,8,JP,1_JP8,Rosa_chinensis,0.025,NA,NA,NA,,7.12,9.72,7.33,9.74,9.78,NA,8.738
1,06-Jul,Rosemont,8,JRE,1_JRE8,Sinapis_arvensis,0.05,0.15,NA,0.15,Plot,6.71,6.92,5.12,NA,NA,NA,6.25
1,07-Jul,Bois de Liesse,8,PBL,1_PBL8,Vicia_villosa,0.025,0.25,NA,0.25,Plot,6.47,NA,NA,NA,NA,NA,6.47
1,07-Jul,Réal-Gareau,8,JS,1_JS8,Calendula_officinalis,0.25,NA,NA,0.166,All_Plots,5.86,NA,NA,NA,NA,NA,5.86
1,06-Jul,Pointe aux Prairies,8,PPPM,1_PPPM8,Trifolium_repens,0.15,NA,NA,0.329119497,Literature,5.85,6.85,6.36,5.13,8.2,NA,6.478
1,07-Jul,Réal-Gareau,8,JS,1_JS8,Brassica_rapa,0.05,NA,NA,0.479073171,Literature,5.25,4.67,5.15,NA,NA,NA,5.023333333
1,06-Jul,Roseraies,8,JR,1_JR8,Allium_ampeloprasum,0.025,0.5,NA,0.5,Plot,4.6,3.88,5.54,3.78,4.44,NA,4.448
1,06-Jul,Pere Marquette,8,JPM,1_JPM8,Thymus_vulgaris,0.1,NA,NA,0.242222222,All_Plots,3.84,3.03,3.75,3.84,3.63,NA,3.618
1,06-Jul,52e ave,8,N52,1_N528,Potentilla_recta,0.025,NA,NA,0.59,Literature,3.42,NA,NA,NA,NA,NA,3.42
1,07-Jul,Bois de Liesse,8,PBL,1_PBL8,Achillea_millefolium,0.1,NA,NA,0.0533,Literature,3.15,NA,NA,NA,NA,NA,3.15
1,07-Jul,Presentation,8,CP,1_CP8,Solanum_dulcamara,0.025,NA,NA,0.146666667,All_Plots,2.93,NA,NA,NA,NA,NA,2.93
1,06-Jul,Rosemont,8,JRE,1_JRE8,Leucanthemum_vulgare,0.025,0.35,0.38,0.37,Plot,2.87,NA,NA,NA,NA,NA,2.87
1,06-Jul,Laurendeau,8,JL,1_JL8,Rorippa_sylvestris,0.05,NA,NA,0.473,Literature,2.84,1.98,1.98,2.78,2.04,NA,2.324
1,06-Jul,Pointe aux Prairies,8,PPPM,1_PPPM8,Erigeron_annuus,0.025,NA,NA,NA,,2.4,3.66,2.6,NA,NA,NA,2.886666667
1,07-Jul,Lakeview,8,CLV,1_CLV8,Campanula_persicifolia,0.07,NA,NA,0.479,Literature,1.92,1.19,1.13,NA,NA,NA,1.413333333
1,06-Jul,Roseraies,8,JR,1_JR8,Matricaria_chamomilla,0.1,NA,NA,NA,,1.87,2.13,1.61,NA,NA,NA,1.87
1,07-Jul,Réal-Gareau,8,JS,1_JS8,Malva_alcea,0.05,NA,NA,NA,,1.68,1.45,1.49,NA,NA,NA,1.54
1,06-Jul,Etienne Desmarteaux,8,JED,1_JED8,Leucanthemum_vulgare,0.1,NA,NA,0.25,Site_Average,1.62,NA,NA,NA,NA,NA,1.62
1,06-Jul,Rosemont,8,JRE,1_JRE8,Coriandrum_sativum,0.2,NA,NA,0.6029,Literature,1.44,2.07,1.79,2.05,2.11,NA,1.892
1,07-Jul,Réal-Gareau,8,JS,1_JS8,Coriandrum_sativum,0.15,NA,NA,0.6029,Literature,0.71,0.79,0.88,NA,NA,NA,0.793333333
1,07-Jul,Bois de Liesse,8,PBL,1_PBL8,Erigeron_annuus,0.5,NA,NA,NA,,0.62,NA,NA,NA,NA,NA,0.62
2,29-Jul,Etienne Desmarteaux,1,JED,2_JED1,Lavandula_angustifolia,0.025,NA,NA,0.28,All_Plots,NA,NA,NA,NA,NA,NA,7.447333333
2,29-Jul,Pere Marquette,1,JPM,2_JPM1,Cucurbita_pepo,0.025,NA,NA,0.24,Site_Average,68.63,NA,NA,NA,NA,NA,68.63
2,29-Jul,Roseraies,1,JR,2_JR1,Hosta_plantaginea,0.025,NA,NA,0.195,All_Plots,45.57,NA,NA,NA,NA,NA,45.57
2,28-Jul,George Vanier,1,NGV,2_NGV1,Antirrhinum_majus,0.1,0.14,0.17,0.16,Plot,25.8,26.21,24.68,NA,NA,NA,25.56333333
2,29-Jul,Rosemont,1,JRE,2_JRE1,Phlox_paniculata,0.025,0.19,NA,0.19,Plot,21.84,16.29,19.24,NA,NA,NA,19.12333333
2,29-Jul,Etienne Desmarteaux,1,JED,2_JED1,Convolvulus_arvensis,0.05,0.28,NA,0.28,Plot,16.84,14.99,12.6,NA,NA,NA,14.81
2,29-Jul,Rosemont,1,JRE,2_JRE1,Phlox_maculata,0.15,0.22,NA,0.22,Plot,16.6,16.61,18.78,NA,NA,NA,17.33
2,29-Jul,Laurendeau,1,JL,2_JL1,Phlox_maculata,0.2,0.24,NA,0.24,Plot,16.14,19.15,20.55,NA,NA,NA,18.61333333
2,29-Jul,Etienne Desmarteaux,1,JED,2_JED1,Campanula_rapunculoides,0.05,NA,NA,NA,,15.97,17.21,21.35,NA,NA,NA,18.17666667
2,28-Jul,Réal-Gareau,1,JS,2_JS1,Gaillardia_pulchella,0.4,NA,NA,NA,,14.44,14.06,13.69,NA,NA,NA,14.06333333
2,28-Jul,Shaare Zion,1,CBS,2_CBS1,Convolvulus_arvensis,0.05,0.3,NA,0.3,Plot,14.09,13.88,14.25,NA,NA,NA,14.07333333
2,28-Jul,Réal-Gareau,1,JS,2_JS1,Tagetes_erecta,0.05,0.26,NA,0.26,Plot,13.94,14.35,14.23,NA,NA,NA,14.17333333
2,28-Jul,Urgel Bourgie,1,CC,2_CC1,Rosa_gallica,0.05,NA,NA,NA,,11.47,12.53,12.32,NA,NA,NA,12.10666667
2,28-Jul,George Vanier,1,NGV,2_NGV1,Rosa_gallica,0.05,NA,NA,NA,,11.35,12.14,12.32,NA,NA,NA,11.93666667
2,28-Jul,Pointe Verte,1,NPSC,2_NPSC1,Nepeta_racemosa,0.05,NA,NA,0.43,All_Plots,11.28,12.15,11.39,NA,NA,NA,11.60666667
2,29-Jul,Pointe aux Prairies,1,PPPM,2_PPPM1,Vicia_villosa,0.2,0.29,NA,0.29,Plot,10.95,NA,NA,NA,NA,NA,10.95
2,29-Jul,52e ave,1,N52,2_N521,Lotus_corniculatus,0.15,0.19,NA,0.19,Plot,10.22,NA,NA,NA,NA,NA,10.22
2,28-Jul,George Vanier,1,NGV,2_NGV1,Silene_vulgaris,0.05,NA,NA,0.460375,Literature,9.88,10.23,10.35,NA,NA,NA,10.15333333
2,29-Jul,52e ave,1,N52,2_N521,Medicago_sativa,0.1,0.48,NA,0.48,Plot,7.56,7.76,7.9,NA,NA,NA,7.74
2,28-Jul,George Vanier,1,NGV,2_NGV1,Coreopsis_grandiflora,0.05,NA,NA,NA,,7.1,6.68,7.23,NA,NA,NA,7.003333333
2,29-Jul,Etienne Desmarteaux,1,JED,2_JED1,Rosa_cinnamomea,0.05,NA,NA,NA,,7.03,8.59,10.03,NA,NA,NA,8.55
2,29-Jul,Prieur,1,JP,2_JP1,Origanum_vulgare,0.07,NA,NA,0.19,All_Plots,6.67,5.57,3.61,NA,NA,NA,5.283333333
2,29-Jul,Laurendeau,1,JL,2_JL1,Origanum_vulgare,0.07,NA,NA,0.19,All_Plots,6.36,5.18,5.59,NA,NA,NA,5.71
2,28-Jul,Lakeview,1,CLV,2_CLV1,Trifolium_repens,0.1,NA,NA,0.329119497,Literature,6.17,NA,NA,NA,NA,NA,6.17
2,28-Jul,George Vanier,1,NGV,2_NGV1,Cosmos_bipinnatus,0.05,NA,NA,0.32,Site_Average,6.15,5.89,6.25,NA,NA,NA,6.096666667
2,28-Jul,Presentation,1,CP,2_CP1,Lotus_corniculatus,0.1,NA,NA,0.21,All_Plots,5.94,NA,NA,NA,NA,NA,5.94
2,28-Jul,Réal-Gareau,1,JS,2_JS1,Centaurea_cyanus,0.07,NA,NA,0.21,All_Plots,5.83,6.36,6.15,NA,NA,NA,6.113333333
2,28-Jul,Réal-Gareau,1,JS,2_JS1,Calendula_officinalis,0.1,NA,NA,0.166,All_Plots,5.57,6.13,5.88,NA,NA,NA,5.86
2,28-Jul,Bois de Liesse,1,PBL,2_PBL1,Melilotus_officinalis,0.1,NA,NA,0.377,Literature,4.79,4.88,4.82,NA,NA,NA,4.83
2,29-Jul,Prieur,1,JP,2_JP1,Calendula_officinalis,0.2,NA,NA,0.166,All_Plots,3.91,2.06,3.48,NA,NA,NA,3.15
2,29-Jul,Etienne Desmarteaux,1,JED,2_JED1,Erigeron_annuus,0.05,NA,NA,NA,,3.57,3.58,2.67,NA,NA,NA,3.273333333
2,28-Jul,Bois de Liesse,1,PBL,2_PBL1,Erigeron_annuus,0.05,NA,NA,NA,,3.29,3.19,3.2,NA,NA,NA,3.226666667
2,29-Jul,52e ave,1,N52,2_N521,Melilotus_albus,0.05,NA,NA,0.35,Literature,3.18,3.68,3.82,NA,NA,NA,3.56
2,29-Jul,Laurendeau,1,JL,2_JL1,Matricaria_chamomilla,0.1,NA,NA,NA,,3.12,3.21,2.28,NA,NA,NA,2.87
2,29-Jul,Prieur,1,JP,2_JP1,Coriandrum_sativum,0.1,NA,NA,0.6029,Literature,3.09,2.31,2.3,NA,NA,NA,2.566666667
2,29-Jul,Roseraies,1,JR,2_JR1,Dasiphora_fruticosa,0.1,NA,NA,NA,,2.91,1.59,1.06,NA,NA,NA,1.853333333
2,29-Jul,Rosemont,1,JRE,2_JRE1,Leucanthemum_vulgare,0.025,NA,NA,0.2925,All_Plots,2.89,1.99,2.01,NA,NA,NA,2.296666667
2,29-Jul,Pere Marquette,1,JPM,2_JPM1,Centaurea_cyanus,0.25,0.21,NA,0.21,Plot,2.86,2.39,3.35,NA,NA,NA,2.866666667
2,29-Jul,Pere Marquette,1,JPM,2_JPM1,Solanum_lycopersicum,0.025,NA,NA,0.2,All_Plots,2.55,2.54,2.12,NA,NA,NA,2.403333333
2,28-Jul,Bois de Liesse,1,PBL,2_PBL1,Tanacetum_vulgare,0.025,0.29,NA,0.29,Plot,2.24,4.65,2.12,NA,NA,NA,3.003333333
2,29-Jul,Prieur,1,JP,2_JP1,Anethum_graveolens,0.05,NA,NA,NA,,2.2,1.94,1.93,NA,NA,NA,2.023333333
2,28-Jul,Bois de Liesse,1,PBL,2_PBL1,Pastinaca_sativa,0.15,NA,NA,NA,,1.69,1.78,1.58,NA,NA,NA,1.683333333
2,29-Jul,Roseraies,2,JR,2_JR2,Cucurbita_pepo,0.07,NA,NA,0.31,Site_Average,63.25,69.21,62.38,NA,NA,NA,64.94666667
2,28-Jul,Réal-Gareau,2,JS,2_JS2,Lilium_bulbiferum,0.05,0.16,NA,0.16,Plot,56.22,53.17,55.88,NA,NA,NA,55.09
2,29-Jul,Etienne Desmarteaux,2,JED,2_JED2,Hemerocallis_fulva,0.07,NA,NA,0.16,Site_Average,54.85,54.84,56.98,NA,NA,NA,55.55666667
2,28-Jul,Urgel Bourgie,2,CC,2_CC2,Hyacinthoides_hispanica,0.15,NA,NA,0.17,Site_Average,42.39,NA,NA,NA,NA,NA,42.39
2,28-Jul,George Vanier,2,NGV,2_NGV2,Saponaria_officinalis,0.1,0.22,NA,0.22,Plot,26.19,25.89,26.38,NA,NA,NA,26.15333333
2,28-Jul,George Vanier,2,NGV,2_NGV2,Antirrhinum_majus,0.05,0.15,NA,0.15,Plot,26.12,NA,NA,NA,NA,NA,26.12
2,28-Jul,George Vanier,2,NGV,2_NGV2,Phlox_maculata,0.1,0.1,NA,0.1,Plot,20.42,21.24,20.17,NA,NA,NA,20.61
2,29-Jul,Etienne Desmarteaux,2,JED,2_JED2,Rosa_gallica,0.05,NA,NA,NA,,20.37,17.81,21.46,NA,NA,NA,19.88
2,29-Jul,Etienne Desmarteaux,2,JED,2_JED2,Convolvulus_arvensis,0.05,NA,NA,0.28,Site_Average,13.81,NA,NA,NA,NA,NA,13.81
2,28-Jul,Pointe Verte,2,NPSC,2_NPSC2,Arctium_lappa,0.05,NA,NA,0.215,All_Plots,12.2,12.37,11.94,NA,NA,NA,12.17
2,28-Jul,Urgel Bourgie,2,CC,2_CC2,Liatris_spicata,0.2,NA,NA,0.4952,Literature,12.15,NA,NA,NA,NA,NA,12.15
2,28-Jul,Presentation,2,CP,2_CP2,Arctium_lappa,0.025,0.31,NA,0.31,Plot,11.41,12.31,11.74,NA,NA,NA,11.82
2,29-Jul,Pere Marquette,2,JPM,2_JPM2,Lactuca_sativa,0.07,NA,NA,NA,,10.38,10.77,9.67,NA,NA,NA,10.27333333
2,29-Jul,Pointe aux Prairies,2,PPPM,2_PPPM2,Vicia_villosa,0.05,0.28,NA,0.28,Plot,8.3,NA,NA,NA,NA,NA,8.3
2,28-Jul,Bois de Liesse,2,PBL,2_PBL2,Vicia_villosa,0.025,0.15,NA,0.15,Plot,8.25,8.13,7.63,NA,NA,NA,8.003333333
2,28-Jul,Lakeview,2,CLV,2_CLV2,Arctium_lappa,0.1,NA,NA,0.215,All_Plots,6.44,8.09,7.89,NA,NA,NA,7.473333333
2,29-Jul,Pere Marquette,2,JPM,2_JPM2,Lythrum_salicaria,0.2,0.15,NA,0.15,Plot,6.35,7.62,5.82,NA,NA,NA,6.596666667
2,28-Jul,Réal-Gareau,2,JS,2_JS2,Centaurea_cyanus,0.07,NA,NA,0.21,All_Plots,6.18,NA,NA,NA,NA,NA,6.18
2,28-Jul,Lakeview,2,CLV,2_CLV2,Lotus_corniculatus,0.05,NA,NA,0.21,All_Plots,6,5.89,6.12,NA,NA,NA,6.003333333
2,28-Jul,Lakeview,2,CLV,2_CLV2,Trifolium_repens,0.05,NA,NA,0.329119497,Literature,5.82,NA,NA,NA,NA,NA,5.82
2,29-Jul,Rosemont,2,JRE,2_JRE2,Prunella_vulgaris,0.025,NA,NA,0.42755102,Literature,5.25,7.46,6.92,NA,NA,NA,6.543333333
2,29-Jul,Rosemont,2,JRE,2_JRE2,Liatris_aspera,0.15,0.17,NA,0.17,Plot,4.4,5.19,5.6,NA,NA,NA,5.063333333
2,29-Jul,Rosemont,2,JRE,2_JRE2,Sempervivum_tectorum,0.025,0.12,NA,0.12,Plot,4.38,3.32,5.22,NA,NA,NA,4.306666667
2,29-Jul,Prieur,2,JP,2_JP2,Borage_officinalis,0.15,0.29,NA,0.29,Plot,4.29,4.45,5.7,NA,NA,NA,4.813333333
2,29-Jul,Rosemont,2,JRE,2_JRE2,Asclepias_tuberosa,0.025,NA,NA,0.5723,Literature,4.17,4.52,3.65,NA,NA,NA,4.113333333
2,28-Jul,Réal-Gareau,2,JS,2_JS2,Sinapis_arvensis,0.025,NA,NA,0.15,All_Plots,3.96,3.86,4.01,NA,NA,NA,3.943333333
2,29-Jul,Etienne Desmarteaux,2,JED,2_JED2,Achillea_millefolium,0.05,NA,NA,0.0533,Literature,3.87,3.83,4.82,NA,NA,NA,4.173333333
2,29-Jul,Pere Marquette,2,JPM,2_JPM2,Thymus_vulgaris,0.025,0.19,NA,0.19,Plot,3.77,3.65,2.95,NA,NA,NA,3.456666667
2,29-Jul,Rosemont,2,JRE,2_JRE2,Echinacea_purpurea,0.05,NA,NA,0.21,All_Plots,3.18,3.55,3.58,NA,NA,NA,3.436666667
2,29-Jul,Pointe aux Prairies,2,PPPM,2_PPPM2,Valeriana_officinalis,0.025,0.19,NA,0.19,Plot,3.15,NA,NA,NA,NA,NA,3.15
2,28-Jul,Bois de Liesse,2,PBL,2_PBL2,Erigeron_annuus,0.4,NA,NA,NA,,3.13,NA,NA,NA,NA,NA,3.13
2,29-Jul,Prieur,2,JP,2_JP2,Anethum_graveolens,0.05,NA,NA,NA,,2.9,NA,NA,NA,NA,NA,2.9
2,28-Jul,George Vanier,2,NGV,2_NGV2,Tanacetum_vulgare,0.4,NA,NA,0.29,All_Plots,2.89,3.16,2.63,NA,NA,NA,2.893333333
2,28-Jul,Presentation,2,CP,2_CP2,Erigeron_annuus,0.05,NA,NA,NA,,2.77,1.87,3.12,NA,NA,NA,2.586666667
2,28-Jul,Shaare Zion,2,CBS,2_CBS2,Begonia_cucullata,0.2,NA,NA,NA,,2.72,3.13,2.14,1.81,3.14,2.88,2.636666667
2,29-Jul,Prieur,2,JP,2_JP2,Calendula_officinalis,0.05,NA,NA,0.166,All_Plots,2.24,NA,NA,NA,NA,NA,2.24
2,29-Jul,Etienne Desmarteaux,2,JED,2_JED2,Echinacea_purpurea,0.05,NA,NA,0.21,All_Plots,2.22,3.22,3.97,NA,NA,NA,3.136666667
2,29-Jul,Pere Marquette,2,JPM,2_JPM2,Calendula_officinalis,0.05,0.14,NA,0.14,Plot,2.22,2.98,3.15,NA,NA,NA,2.783333333
2,28-Jul,Lakeview,2,CLV,2_CLV2,Solanum_dulcamara,0.025,NA,NA,0.146666667,All_Plots,2.06,3.23,2.69,NA,NA,NA,2.66
2,28-Jul,Bois de Liesse,2,PBL,2_PBL2,Pastinaca_sativa,0.3,NA,NA,NA,,1.79,NA,NA,NA,NA,NA,1.79
2,28-Jul,Réal-Gareau,2,JS,2_JS2,Anethum_graveolens,0.05,NA,NA,NA,,1.6,2.06,1.89,NA,NA,NA,1.85
2,29-Jul,Laurendeau,2,JL,2_JL2,Solanum_lycopersicum,0.025,NA,NA,0.2,All_Plots,1.45,0.67,1.72,NA,NA,NA,1.28
2,29-Jul,Pere Marquette,3,JPM,2_JPM3,Cucurbita_pepo,0.025,0.24,NA,0.24,Plot,71.02,NA,NA,NA,NA,NA,71.02
2,28-Jul,Urgel Bourgie,3,CC,2_CC3,Hemerocallis_fulva,0.05,0.21,NA,0.21,Plot,69.38,70.41,68.93,NA,NA,NA,69.57333333
2,28-Jul,Bois de Liesse,3,PBL,2_PBL3,Oenothera_biennis,0.025,0.22,NA,0.22,Plot,52.95,53.15,52.69,NA,NA,NA,52.93
2,28-Jul,Urgel Bourgie,3,CC,2_CC3,Hemerocallis_lilioasphodelus,0.025,NA,NA,0.225714286,Site_Average,50.6,49.83,51.23,NA,NA,NA,50.55333333
2,28-Jul,Urgel Bourgie,3,CC,2_CC3,Hyacinthoides_hispanica,0.1,0.17,NA,0.17,Plot,42.12,43.35,41.88,NA,NA,NA,42.45
2,28-Jul,Pointe Verte,3,NPSC,2_NPSC3,Cucurbita_pepo,0.025,0.19,NA,0.19,Plot,41.35,42.23,42.93,NA,NA,NA,42.17
2,28-Jul,George Vanier,3,NGV,2_NGV3,Petunia_x_hybrida,0.05,0.09,NA,0.09,Plot,40.31,41.15,39.89,NA,NA,NA,40.45
2,28-Jul,George Vanier,3,NGV,2_NGV3,Gladiolus_communis,0.05,0.09,NA,0.09,Plot,33.35,34.28,33.79,NA,NA,NA,33.80666667
2,29-Jul,Etienne Desmarteaux,3,JED,2_JED3,Campanula_latifolia,0.025,NA,NA,NA,,21.53,NA,NA,NA,NA,NA,21.53
2,28-Jul,George Vanier,3,NGV,2_NGV3,Phlox_paniculata,0.05,0.12,NA,0.12,Plot,20.54,NA,NA,NA,NA,NA,20.54
2,29-Jul,Roseraies,3,JR,2_JR3,Phaseolus_vulgaris,0.025,NA,NA,0.09,Site_Average,15.93,13.84,14.66,NA,NA,NA,14.81
2,29-Jul,Etienne Desmarteaux,3,JED,2_JED3,Anemone_hupehensis,0.025,NA,NA,NA,,14.42,NA,NA,NA,NA,NA,14.42
2,28-Jul,Urgel Bourgie,3,CC,2_CC3,Liatris_spicata,0.15,NA,NA,0.4952,Literature,11.83,12.25,11.29,NA,NA,NA,11.79
2,29-Jul,Pointe aux Prairies,3,PPPM,2_PPPM3,Vicia_villosa,0.05,0.39,NA,0.39,Plot,10.89,NA,NA,NA,NA,NA,10.89
2,29-Jul,52e ave,3,N52,2_N523,Cichorium_intybus,0.05,NA,NA,0.2,All_Plots,10.29,8.57,8.36,NA,NA,NA,9.073333333
2,28-Jul,Bois de Liesse,3,PBL,2_PBL3,Vicia_villosa,0.05,0.12,NA,0.12,Plot,9.29,NA,NA,NA,NA,NA,9.29
2,28-Jul,Réal-Gareau,3,JS,2_JS3,Cucumis_sativus,0.15,NA,NA,0.28,All_Plots,9.25,NA,NA,NA,NA,NA,9.25
2,28-Jul,Pointe Verte,3,NPSC,2_NPSC3,Cucumis_sativus,0.025,NA,NA,0.28,All_Plots,8.52,7.89,8.39,NA,NA,NA,8.266666667
2,28-Jul,Shaare Zion,3,CBS,2_CBS3,Hypochaeris_radicata,0.1,NA,NA,NA,,8.32,9.15,8.48,NA,NA,NA,8.65
2,29-Jul,52e ave,3,N52,2_N523,Lotus_corniculatus,0.2,0.22,NA,0.22,Plot,7.95,8.85,9.47,NA,NA,NA,8.756666667
2,29-Jul,52e ave,3,N52,2_N523,Potentilla_recta,0.025,NA,NA,0.59,Literature,7.84,6.64,7.22,NA,NA,NA,7.233333333
2,28-Jul,George Vanier,3,NGV,2_NGV3,Salvia_farinacea,0.05,NA,NA,0.35,All_Plots,7.39,6.93,7.52,NA,NA,NA,7.28
2,29-Jul,Pere Marquette,3,JPM,2_JPM3,Viola_tricolor,0.025,NA,NA,0.33,All_Plots,7.34,6.9,7.9,NA,NA,NA,7.38
2,28-Jul,George Vanier,3,NGV,2_NGV3,Viola_x_wittrockiana,0.025,0.26,NA,0.26,Plot,7.33,7.83,8.42,NA,NA,NA,7.86
2,29-Jul,Roseraies,3,JR,2_JR3,Tagetes_erecta,0.025,0.14,NA,0.14,Plot,6.97,6.75,8.9,NA,NA,NA,7.54
2,29-Jul,Rosemont,3,JRE,2_JRE3,Cosmos_sulphureus,0.3,NA,NA,0.3235,Literature,6.97,10.18,10.52,NA,NA,NA,9.223333333
2,28-Jul,Urgel Bourgie,3,CC,2_CC3,Lythrum_salicaria,0.1,0.28,NA,0.28,Plot,6.52,7.12,5.98,NA,NA,NA,6.54
2,28-Jul,Urgel Bourgie,3,CC,2_CC3,Leucanthemum_vulgare,0.15,NA,NA,0.2925,All_Plots,5.72,4.98,5.87,NA,NA,NA,5.523333333
2,28-Jul,Presentation,3,CP,2_CP3,Lotus_corniculatus,0.025,NA,NA,0.21,All_Plots,5.62,6.13,5.82,NA,NA,NA,5.856666667
2,28-Jul,Presentation,3,CP,2_CP3,Trifolium_repens,0.025,NA,NA,0.329119497,Literature,4.99,5.12,5.32,NA,NA,NA,5.143333333
2,29-Jul,Etienne Desmarteaux,3,JED,2_JED3,Origanum_vulgare,0.2,NA,NA,0.19,All_Plots,4.87,4.34,5.09,NA,NA,NA,4.766666667
2,29-Jul,Laurendeau,3,JL,2_JL3,Ocimum_basilicum,0.025,0.19,NA,0.19,Plot,4.86,5.64,4.45,NA,NA,NA,4.983333333
2,28-Jul,George Vanier,3,NGV,2_NGV3,Ageratum_houstonianum,0.05,NA,NA,NA,,4.6,5.17,5.29,NA,NA,NA,5.02
2,29-Jul,Pere Marquette,3,JPM,2_JPM3,Echinacea_purpurea,0.15,NA,NA,0.21,All_Plots,4.01,5.11,6.6,NA,NA,NA,5.24
2,29-Jul,Laurendeau,3,JL,2_JL3,Solanum_lycopersicum,0.025,NA,NA,0.2,All_Plots,3.99,NA,NA,NA,NA,NA,3.99
2,29-Jul,Etienne Desmarteaux,3,JED,2_JED3,Thymus_vulgaris,0.025,NA,NA,0.24,Site_Average,3.95,3.36,3.37,NA,NA,NA,3.56
2,29-Jul,Pere Marquette,3,JPM,2_JPM3,Calendula_officinalis,0.15,0.15,NA,0.15,Plot,3.36,3.98,2.69,NA,NA,NA,3.343333333
2,29-Jul,Pere Marquette,3,JPM,2_JPM3,Oxalis_stricta,0.025,NA,NA,NA,,3.22,4.58,2.51,NA,NA,NA,3.436666667
2,28-Jul,Bois de Liesse,3,PBL,2_PBL3,Erigeron_annuus,0.4,NA,NA,NA,,3.21,NA,NA,NA,NA,NA,3.21
2,29-Jul,Prieur,3,JP,2_JP3,Mentha_spicata,0.2,NA,NA,NA,,3.18,3.58,2.57,NA,NA,NA,3.11
2,28-Jul,Lakeview,3,CLV,2_CLV3,Alliaria_petiolata,0.025,NA,NA,0.4,Literature,2.68,3.15,3.06,NA,NA,NA,2.963333333
2,29-Jul,Laurendeau,3,JL,2_JL3,Anethum_graveolens,0.025,NA,NA,NA,,2.63,2.09,2.24,NA,NA,NA,2.32
2,28-Jul,Bois de Liesse,3,PBL,2_PBL3,Tanacetum_vulgare,0.025,NA,NA,0.29,Site_Average,2.32,NA,NA,NA,NA,NA,2.32
2,28-Jul,Réal-Gareau,3,JS,2_JS3,Anethum_graveolens,0.2,NA,NA,NA,,1.88,NA,NA,NA,NA,NA,1.88
2,29-Jul,Laurendeau,3,JL,2_JL3,Matricaria_chamomilla,0.05,NA,NA,NA,,1.77,NA,NA,NA,NA,NA,1.77
2,29-Jul,Etienne Desmarteaux,3,JED,2_JED3,Leucanthemum_vulgare,0.025,NA,NA,0.2925,All_Plots,1.15,2.45,2.48,NA,NA,NA,2.026666667
2,28-Jul,Shaare Zion,3,CBS,2_CBS3,Potentilla_recta,0.05,NA,NA,0.59,Literature,0.95,1.12,0.88,NA,NA,NA,0.983333333
2,29-Jul,52e ave,3,N52,2_N523,Daucus_carota,0.025,NA,NA,0.398,Literature,0.6,1.15,1.17,NA,NA,NA,0.973333333
2,28-Jul,Pointe Verte,3,NPSC,2_NPSC3,Hydrangea_arborescens,0.5,NA,NA,NA,,0.01,NA,NA,NA,NA,NA,0.01
2,29-Jul,Etienne Desmarteaux,4,JED,2_JED4,Hemerocallis_fulva,0.1,0.16,NA,0.16,Plot,58.35,NA,NA,NA,NA,NA,58.35
2,28-Jul,George Vanier,4,NGV,2_NGV4,Verbena_rigida,0.15,0.31,NA,0.31,Plot,20.48,21.32,20.31,NA,NA,NA,20.70333333
2,28-Jul,Urgel Bourgie,4,CC,2_CC4,Weigela_florida,0.025,0.28,NA,0.28,Plot,20,19.65,20.83,NA,NA,NA,20.16
2,28-Jul,George Vanier,4,NGV,2_NGV4,Campanula_persicifolia,0.05,NA,NA,0.479,Literature,15.67,16.12,15.53,NA,NA,NA,15.77333333
2,29-Jul,Prieur,4,JP,2_JP4,Rosa_chinensis,0.07,NA,NA,NA,,14.66,16.22,16.02,NA,NA,NA,15.63333333
2,29-Jul,Laurendeau,4,JL,2_JL4,Dianthus_plumarius,0.025,0.16,NA,0.16,Plot,14.27,19.55,16.72,NA,NA,NA,16.84666667
2,28-Jul,Bois de Liesse,4,PBL,2_PBL4,Arctium_lappa,0.15,0.12,NA,0.12,Plot,13.81,13.93,13.27,NA,NA,NA,13.67
2,29-Jul,Prieur,4,JP,2_JP4,Tagetes_erecta,0.05,NA,NA,0.238571429,All_Plots,13.08,NA,NA,NA,NA,NA,13.08
2,29-Jul,Laurendeau,4,JL,2_JL4,Zinnea_elegans,0.025,NA,NA,0.16,All_Plots,11.05,8.91,9.72,NA,NA,NA,9.893333333
2,29-Jul,Roseraies,4,JR,2_JR4,Cucumis_sativus,0.1,NA,NA,0.28,All_Plots,10.52,12.44,13.93,NA,NA,NA,12.29666667
2,28-Jul,Réal-Gareau,4,JS,2_JS4,Liatris_spicata,0.1,NA,NA,0.4952,Literature,10.44,11.15,10.89,NA,NA,NA,10.82666667
2,28-Jul,Pointe Verte,4,NPSC,2_NPSC4,Solanum_lycopersicum,0.025,NA,NA,0.2,All_Plots,10.02,9.89,10.23,NA,NA,NA,10.04666667
2,29-Jul,Pointe aux Prairies,4,PPPM,2_PPPM4,Vicia_villosa,0.05,0.36,NA,0.36,Plot,9.97,NA,NA,NA,NA,NA,9.97
2,28-Jul,George Vanier,4,NGV,2_NGV4,Viola_x_wittrockiana,0.1,0.31,NA,0.31,Plot,9.43,10.15,9.67,NA,NA,NA,9.75
2,28-Jul,Shaare Zion,4,CBS,2_CBS4,Cichorium_intybus,0.05,NA,NA,0.2,All_Plots,8.41,7.56,8.14,NA,NA,NA,8.036666667
2,28-Jul,Bois de Liesse,4,PBL,2_PBL4,Vicia_villosa,0.05,NA,NA,0.1375,Site_Average,8.23,NA,NA,NA,NA,NA,8.23
2,28-Jul,George Vanier,4,NGV,2_NGV4,Salvia_farinacea,0.15,NA,NA,0.35,All_Plots,8.13,NA,NA,NA,NA,NA,8.13
2,29-Jul,Prieur,4,JP,2_JP4,Solanum_lycopersicum,0.025,NA,NA,0.2,All_Plots,7.85,9,7.25,NA,NA,NA,8.033333333
2,28-Jul,Shaare Zion,4,CBS,2_CBS4,Hypochaeris_radicata,0.025,NA,NA,NA,,7.58,NA,NA,NA,NA,NA,7.58
2,29-Jul,Prieur,4,JP,2_JP4,Viola_tricolor,0.025,NA,NA,0.29,Site_Average,7.58,NA,NA,NA,NA,NA,7.58
2,28-Jul,Urgel Bourgie,4,CC,2_CC4,Echinacea_purpurea,0.1,NA,NA,0.21,Site_Average,7.35,NA,NA,NA,NA,NA,7.35
2,29-Jul,Rosemont,4,JRE,2_JRE4,Lavandula_angustifolia,0.1,0.26,NA,0.26,Plot,7.22,7.88,10.03,NA,NA,NA,8.376666667
2,28-Jul,Pointe Verte,4,NPSC,2_NPSC4,Rudbeckia_fulgida,0.05,NA,NA,NA,,7.14,6.73,6.93,NA,NA,NA,6.933333333
2,28-Jul,Réal-Gareau,4,JS,2_JS4,Echinacea_purpurea,0.25,NA,NA,0.21,All_Plots,6.69,7.38,6.49,7.88,8.52,8.15,7.518333333
2,29-Jul,Laurendeau,4,JL,2_JL4,Tagetes_erecta,0.07,NA,NA,0.238571429,All_Plots,6.47,8.56,4.46,NA,NA,NA,6.496666667
2,28-Jul,George Vanier,4,NGV,2_NGV4,Ageratum_houstonianum,0.07,NA,NA,NA,,5.93,NA,NA,NA,NA,NA,5.93
2,29-Jul,Etienne Desmarteaux,4,JED,2_JED4,Origanum_vulgare,0.05,NA,NA,0.19,All_Plots,5.54,NA,NA,NA,NA,NA,5.54
2,29-Jul,Pere Marquette,4,JPM,2_JPM4,Rudbeckia_fulgida,0.1,NA,NA,NA,,4.87,3.54,4.55,NA,NA,NA,4.32
2,29-Jul,Etienne Desmarteaux,4,JED,2_JED4,Calendula_officinalis,0.05,NA,NA,0.166,All_Plots,3.93,NA,NA,NA,NA,NA,3.93
2,29-Jul,Prieur,4,JP,2_JP4,Thymus_vulgaris,0.025,0.26,NA,0.26,Plot,3.93,NA,NA,NA,NA,NA,3.93
2,29-Jul,Pere Marquette,4,JPM,2_JPM4,Echinacea_purpurea,0.2,NA,NA,0.21,All_Plots,3.73,NA,NA,NA,NA,NA,3.73
2,28-Jul,George Vanier,4,NGV,2_NGV4,Gypsophila_elegans,0.05,NA,NA,NA,,3.72,4.25,4.13,NA,NA,NA,4.033333333
2,28-Jul,Bois de Liesse,4,PBL,2_PBL4,Erigeron_annuus,0.05,NA,NA,NA,,3.59,NA,NA,NA,NA,NA,3.59
2,29-Jul,Etienne Desmarteaux,4,JED,2_JED4,Mentha_spicata,0.025,NA,NA,NA,,3.53,3.72,2.34,NA,NA,NA,3.196666667
2,29-Jul,Roseraies,4,JR,2_JR4,Origanum_vulgare,0.025,NA,NA,0.19,All_Plots,3.53,3.91,5.36,NA,NA,NA,4.266666667
2,29-Jul,Pointe aux Prairies,4,PPPM,2_PPPM4,Valeriana_officinalis,0.05,NA,NA,0.19,Site_Average,3.46,NA,NA,NA,NA,NA,3.46
2,28-Jul,Presentation,4,CP,2_CP4,Solanum_dulcamara,0.025,NA,NA,0.146666667,All_Plots,3.09,3.12,2.92,NA,NA,NA,3.043333333
2,29-Jul,Laurendeau,4,JL,2_JL4,Allium_cepa,0.025,NA,NA,0.553004545,Literature,2.82,3.79,2.95,NA,NA,NA,3.186666667
2,29-Jul,Etienne Desmarteaux,4,JED,2_JED4,Matricaria_chamomilla,0.05,NA,NA,NA,,2.79,2.54,2.69,NA,NA,NA,2.673333333
2,29-Jul,Laurendeau,4,JL,2_JL4,Anethum_graveolens,0.025,NA,NA,NA,,2.28,NA,NA,NA,NA,NA,2.28
2,28-Jul,Bois de Liesse,4,PBL,2_PBL4,Tanacetum_vulgare,0.05,NA,NA,0.29,Site_Average,2.13,NA,NA,NA,NA,NA,2.13
2,28-Jul,Bois de Liesse,4,PBL,2_PBL4,Pastinaca_sativa,0.025,NA,NA,NA,,1.73,NA,NA,NA,NA,NA,1.73
2,28-Jul,Urgel Bourgie,4,CC,2_CC4,Hydrangea_arborescens,0.05,NA,NA,NA,,1.1,1.46,1.21,NA,NA,NA,1.256666667
2,29-Jul,Rosemont,4,JRE,2_JRE4,Solanum_lycopersicum,0.025,NA,NA,0.12,Site_Average,0.68,NA,NA,NA,NA,NA,0.68
2,29-Jul,Prieur,5,JP,2_JP5,Phlox_paniculata,0.25,0.24,NA,0.24,Plot,NA,NA,NA,NA,NA,NA,19.565
2,29-Jul,Laurendeau,5,JL,2_JL5,Cucurbita_pepo,0.05,0.24,NA,0.24,Plot,59.39,60.04,54.17,NA,NA,NA,57.86666667
2,29-Jul,Roseraies,5,JR,2_JR5,Tropaeolum_majus,0.07,0.25,NA,0.25,Plot,51.02,46.57,50.44,NA,NA,NA,49.34333333
2,29-Jul,Laurendeau,5,JL,2_JL5,Tropaeolum_majus,0.025,0.36,NA,0.36,Plot,49.33,46.42,NA,NA,NA,NA,47.875
2,29-Jul,Prieur,5,JP,2_JP5,Aquilegia_vulgaris,0.025,0.23,NA,0.23,Plot,45.56,49.38,48.58,NA,NA,NA,47.84
2,29-Jul,Prieur,5,JP,2_JP5,Impatiens_walleriana,0.07,0.23,NA,0.23,Plot,37.97,34.26,37.84,NA,NA,NA,36.69
2,29-Jul,Prieur,5,JP,2_JP5,Petunia_x_hybrida,0.05,0.27,NA,0.27,Plot,37.02,41.57,36.92,NA,NA,NA,38.50333333
2,29-Jul,Etienne Desmarteaux,5,JED,2_JED5,Petunia_x_hybrida,0.05,0.14,NA,0.14,Plot,25.27,27.68,31.43,NA,NA,NA,28.12666667
2,29-Jul,Prieur,5,JP,2_JP5,Phlox_drummondii,0.05,NA,NA,NA,,20.03,21.16,18.52,NA,NA,NA,19.90333333
2,29-Jul,Etienne Desmarteaux,5,JED,2_JED5,Tagetes_erecta,0.07,NA,NA,0.16,Site_Average,17.17,15.76,8.1,NA,NA,NA,13.67666667
2,29-Jul,Rosemont,5,JRE,2_JRE5,Campanula_persicifolia,0.07,NA,NA,0.479,Literature,17.11,18.33,20.58,NA,NA,NA,18.67333333
2,28-Jul,Réal-Gareau,5,JS,2_JS5,Tagetes_erecta,0.05,NA,NA,0.26,Site_Average,14.17,NA,NA,NA,NA,NA,14.17
2,29-Jul,Pere Marquette,5,JPM,2_JPM5,Phaseolus_vulgaris,0.025,0.17,NA,0.17,Plot,14.14,10.52,12.72,NA,NA,NA,12.46
2,29-Jul,Rosemont,5,JRE,2_JRE5,Lamium_maculatum,0.025,0.5,NA,0.5,Plot,11.36,9.8,11.91,NA,NA,NA,11.02333333
2,28-Jul,Pointe Verte,5,NPSC,2_NPSC5,Solanum_lycopersicum,0.025,NA,NA,0.2,All_Plots,11.32,NA,NA,NA,NA,NA,11.32
2,29-Jul,52e ave,5,N52,2_N525,Lotus_corniculatus,0.05,0.22,NA,0.22,Plot,10.45,NA,NA,NA,NA,NA,10.45
2,29-Jul,Pointe aux Prairies,5,PPPM,2_PPPM5,Vicia_villosa,0.1,0.26,NA,0.26,Plot,10.08,NA,NA,NA,NA,NA,10.08
2,28-Jul,Shaare Zion,5,CBS,2_CBS5,Convolvulus_arvensis,0.025,0.35,NA,0.35,Plot,10.02,NA,NA,NA,NA,NA,10.02
2,28-Jul,George Vanier,5,NGV,2_NGV5,Rudbeckia_fulgida,0.1,NA,NA,NA,,9.47,10.26,9.93,NA,NA,NA,9.886666667
2,29-Jul,52e ave,5,N52,2_N525,Cichorium_intybus,0.025,NA,NA,0.2,All_Plots,8.63,NA,NA,NA,NA,NA,8.63
2,28-Jul,Shaare Zion,5,CBS,2_CBS5,Hypochaeris_radicata,0.05,NA,NA,NA,,8.16,NA,NA,NA,NA,NA,8.16
2,28-Jul,George Vanier,5,NGV,2_NGV5,Salvia_farinacea,0.025,NA,NA,0.35,All_Plots,8.13,NA,NA,NA,NA,NA,8.13
2,28-Jul,Bois de Liesse,5,PBL,2_PBL5,Vicia_villosa,0.025,0.14,NA,0.14,Plot,7.59,NA,NA,NA,NA,NA,7.59
2,29-Jul,Etienne Desmarteaux,5,JED,2_JED5,Pelargonium_x_hortorum,0.05,0.2,NA,0.2,Plot,6.91,5.85,4.76,NA,NA,NA,5.84
2,28-Jul,George Vanier,5,NGV,2_NGV5,Achillea_millefolium,0.15,NA,NA,0.0533,Literature,6.52,6.87,7.12,NA,NA,NA,6.836666667
2,29-Jul,Etienne Desmarteaux,5,JED,2_JED5,Perilla_frutescens,0.05,NA,NA,NA,,6.38,4.08,4.91,NA,NA,NA,5.123333333
2,28-Jul,Lakeview,5,CLV,2_CLV5,Trifolium_repens,0.025,NA,NA,0.329119497,Literature,6.14,5.89,6.23,NA,NA,NA,6.086666667
2,28-Jul,Réal-Gareau,5,JS,2_JS5,Calendula_officinalis,0.1,NA,NA,0.166,All_Plots,6.09,NA,NA,NA,NA,NA,6.09
2,29-Jul,Rosemont,5,JRE,2_JRE5,Pelargonium_zonale,0.025,NA,NA,0.26,Site_Average,5.96,5.97,10.56,NA,NA,NA,7.496666667
2,29-Jul,Laurendeau,5,JL,2_JL5,Tagetes_erecta,0.07,NA,NA,0.238571429,All_Plots,5.9,NA,NA,NA,NA,NA,5.9
2,28-Jul,Bois de Liesse,5,PBL,2_PBL5,Achillea_millefolium,0.05,NA,NA,0.0533,Literature,5.59,5.68,4.55,NA,NA,NA,5.273333333
2,29-Jul,Prieur,5,JP,2_JP5,Satureja_montana,0.025,NA,NA,0.23,All_Plots,5.39,6.57,4.43,NA,NA,NA,5.463333333
2,29-Jul,Rosemont,5,JRE,2_JRE5,Oxalis_stricta,0.025,NA,NA,NA,,5.07,4.22,2.08,NA,NA,NA,3.79
2,29-Jul,Prieur,5,JP,2_JP5,Rudbeckia_fulgida,0.15,NA,NA,NA,,4.42,2.57,3.28,NA,NA,NA,3.423333333
2,29-Jul,Etienne Desmarteaux,5,JED,2_JED5,Borage_officinalis,0.15,0.34,NA,0.34,Plot,4.2,3.6,2.9,NA,NA,NA,3.566666667
2,29-Jul,Roseraies,5,JR,2_JR5,Solanum_lycopersicum,0.025,0.27,NA,0.27,Plot,3.78,4.09,5.14,NA,NA,NA,4.336666667
2,28-Jul,Bois de Liesse,5,PBL,2_PBL5,Rudbeckia_fulgida,0.2,NA,NA,NA,,3.69,3.7,3.58,NA,NA,NA,3.656666667
2,28-Jul,Bois de Liesse,5,PBL,2_PBL5,Erigeron_annuus,0.15,NA,NA,NA,,3.68,NA,NA,NA,NA,NA,3.68
2,29-Jul,Prieur,5,JP,2_JP5,Cosmos_bipinnatus,0.025,NA,NA,0.32,All_Plots,3.66,3.89,3.24,NA,NA,NA,3.596666667
2,29-Jul,Pointe aux Prairies,5,PPPM,2_PPPM5,Valeriana_officinalis,0.025,NA,NA,0.19,Site_Average,3.66,NA,NA,NA,NA,NA,3.66
2,28-Jul,Presentation,5,CP,2_CP5,Solanum_dulcamara,0.025,0.12,NA,0.12,Plot,3.24,NA,NA,NA,NA,NA,3.24
2,29-Jul,Pere Marquette,5,JPM,2_JPM5,Calendula_officinalis,0.15,0.2,NA,0.2,Plot,3.18,3.27,3.53,NA,NA,NA,3.326666667
2,28-Jul,Shaare Zion,5,CBS,2_CBS5,Begonia_cucullata,0.15,NA,NA,NA,,3.14,NA,NA,NA,NA,NA,3.14
2,28-Jul,Lakeview,5,CLV,2_CLV5,Leucanthemum_vulgare,0.025,NA,NA,0.2925,All_Plots,2.83,3.06,2.67,NA,NA,NA,2.853333333
2,29-Jul,Prieur,5,JP,2_JP5,Sinapis_arvensis,0.025,NA,NA,0.15,All_Plots,2.43,2.97,2.46,NA,NA,NA,2.62
2,28-Jul,Urgel Bourgie,5,CC,2_CC5,Erigeron_annuus,0.05,NA,NA,NA,,2.38,1.62,2.12,NA,NA,NA,2.04
2,29-Jul,52e ave,5,N52,2_N525,Daucus_carota,0.025,NA,NA,0.398,Literature,1.48,NA,NA,NA,NA,NA,1.48
2,28-Jul,Bois de Liesse,5,PBL,2_PBL5,Pastinaca_sativa,0.1,NA,NA,NA,,1.06,NA,NA,NA,NA,NA,1.06
2,28-Jul,Pointe Verte,5,NPSC,2_NPSC5,Hydrangea_arborescens,0.4,NA,NA,NA,,0.01,NA,NA,NA,NA,NA,0.01
2,29-Jul,Roseraies,6,JR,2_JR6,Cucurbita_pepo,0.05,NA,NA,0.31,Site_Average,54.54,NA,NA,NA,NA,NA,54.54
2,29-Jul,Prieur,6,JP,2_JP6,Hosta_plantaginea,0.1,0.19,NA,0.19,Plot,54.17,54.01,53.08,NA,NA,NA,53.75333333
2,28-Jul,George Vanier,6,NGV,2_NGV6,Alcea_rosea,0.05,NA,NA,0.35,All_Plots,26.59,27.18,26.35,NA,NA,NA,26.70666667
2,28-Jul,George Vanier,6,NGV,2_NGV6,Phlox_drummondii,0.1,NA,NA,NA,,25.48,26.15,25.87,NA,NA,NA,25.83333333
2,28-Jul,George Vanier,6,NGV,2_NGV6,Phlox_maculata,0.15,NA,NA,0.213333333,Site_Average,21.13,NA,NA,NA,NA,NA,21.13
2,28-Jul,Bois de Liesse,6,PBL,2_PBL6,Centaurea_jacea,0.025,0.14,NA,0.14,Plot,19.83,20.13,15.62,NA,NA,NA,18.52666667
2,29-Jul,Rosemont,6,JRE,2_JRE6,Rosa_gallica,0.025,NA,NA,NA,,15.52,NA,NA,NA,NA,NA,15.52
2,29-Jul,Rosemont,6,JRE,2_JRE6,Tagetes_erecta,0.1,0.24,NA,0.24,Plot,12.5,11.02,11.74,NA,NA,NA,11.75333333
2,28-Jul,Shaare Zion,6,CBS,2_CBS6,Convolvulus_arvensis,0.2,0.32,NA,0.32,Plot,12.37,NA,NA,NA,NA,NA,12.37
2,29-Jul,Pere Marquette,6,JPM,2_JPM6,Convolvulus_arvensis,0.05,0.3,NA,0.3,Plot,11.04,10.24,12.45,NA,NA,NA,11.24333333
2,29-Jul,Pointe aux Prairies,6,PPPM,2_PPPM6,Vicia_villosa,0.05,0.21,NA,0.21,Plot,10.83,NA,NA,NA,NA,NA,10.83
2,28-Jul,Pointe Verte,6,NPSC,2_NPSC6,Solanum_lycopersicum,0.025,NA,NA,0.2,All_Plots,10.15,NA,NA,NA,NA,NA,10.15
2,28-Jul,Shaare Zion,6,CBS,2_CBS6,Hypochaeris_radicata,0.07,NA,NA,NA,,10.09,NA,NA,NA,NA,NA,10.09
2,29-Jul,Laurendeau,6,JL,2_JL6,Vicia_villosa,0.025,0.19,NA,0.19,Plot,9.42,9.63,8.19,NA,NA,NA,9.08
2,28-Jul,George Vanier,6,NGV,2_NGV6,Viola_x_wittrockiana,0.05,NA,NA,0.285,Site_Average,8.26,NA,NA,NA,NA,NA,8.26
2,28-Jul,George Vanier,6,NGV,2_NGV6,Salvia_farinacea,0.05,NA,NA,0.35,All_Plots,7.59,NA,NA,NA,NA,NA,7.59
2,28-Jul,Réal-Gareau,6,JS,2_JS6,Salvia_rosmarinus,0.05,NA,NA,0.275,All_Plots,7.55,8.31,7.83,NA,NA,NA,7.896666667
2,28-Jul,George Vanier,6,NGV,2_NGV6,Delphinium_elatum,0.05,NA,NA,NA,,7.55,8.21,7.88,NA,NA,NA,7.88
2,28-Jul,George Vanier,6,NGV,2_NGV6,Astrantia_major,0.05,NA,NA,NA,,6.39,5.89,6.63,NA,NA,NA,6.303333333
2,28-Jul,Réal-Gareau,6,JS,2_JS6,Calendula_officinalis,0.05,NA,NA,0.166,All_Plots,6.02,5.89,6.12,NA,NA,NA,6.01
2,29-Jul,Etienne Desmarteaux,6,JED,2_JED6,Origanum_vulgare,0.05,NA,NA,0.19,All_Plots,5.49,NA,NA,NA,NA,NA,5.49
2,28-Jul,George Vanier,6,NGV,2_NGV6,Ageratum_houstonianum,0.05,NA,NA,NA,,5.38,NA,NA,NA,NA,NA,5.38
2,29-Jul,Pere Marquette,6,JPM,2_JPM6,Origanum_vulgare,0.15,NA,NA,0.19,All_Plots,5.22,3.06,4.32,NA,NA,NA,4.2
2,29-Jul,Rosemont,6,JRE,2_JRE6,Origanum_vulgare,0.05,0.19,NA,0.19,Plot,5.04,4.22,3.74,NA,NA,NA,4.333333333
2,29-Jul,Rosemont,6,JRE,2_JRE6,Solanum_lycopersicum,0.025,NA,NA,0.12,Site_Average,4.87,9.67,7,NA,NA,NA,7.18
2,29-Jul,Rosemont,6,JRE,2_JRE6,Thymus_vulgaris,0.07,0.34,NA,0.34,Plot,4.77,3.91,2.62,NA,NA,NA,3.766666667
2,29-Jul,Laurendeau,6,JL,2_JL6,Ocimum_minimum,0.025,0.29,NA,0.29,Plot,4.35,5.94,3.17,NA,NA,NA,4.486666667
2,29-Jul,Laurendeau,6,JL,2_JL6,Origanum_vulgare,0.025,NA,NA,0.19,All_Plots,4.14,NA,NA,NA,NA,NA,4.14
2,28-Jul,Pointe Verte,6,NPSC,2_NPSC6,Calendula_officinalis,0.05,0.18,NA,0.18,Plot,3.91,4.15,4.25,NA,NA,NA,4.103333333
2,29-Jul,Etienne Desmarteaux,6,JED,2_JED6,Calendula_officinalis,0.05,NA,NA,0.166,All_Plots,3.49,NA,NA,NA,NA,NA,3.49
2,29-Jul,Laurendeau,6,JL,2_JL6,Thymus_vulgaris,0.025,0.22,NA,0.22,Plot,3.49,3.46,4.36,NA,NA,NA,3.77
2,29-Jul,Etienne Desmarteaux,6,JED,2_JED6,Thymus_vulgaris,0.07,0.24,NA,0.24,Plot,3.39,NA,NA,NA,NA,NA,3.39
2,28-Jul,Bois de Liesse,6,PBL,2_PBL6,Erigeron_annuus,0.3,NA,NA,NA,,3.22,NA,NA,NA,NA,NA,3.22
2,29-Jul,Pere Marquette,6,JPM,2_JPM6,Mentha_spicata,0.05,NA,NA,NA,,3.12,3.6,2.35,NA,NA,NA,3.023333333
2,28-Jul,Pointe Verte,6,NPSC,2_NPSC6,Galinsoga_parviflora,0.025,NA,NA,NA,,3.12,2.68,3.23,NA,NA,NA,3.01
2,29-Jul,Roseraies,6,JR,2_JR6,Calendula_officinalis,0.025,0.16,NA,0.16,Plot,2.55,6.26,3.87,NA,NA,NA,4.226666667
2,28-Jul,Lakeview,6,CLV,2_CLV6,Leucanthemum_vulgare,0.025,NA,NA,0.2925,All_Plots,2.41,NA,NA,NA,NA,NA,2.41
2,28-Jul,Presentation,6,CP,2_CP6,Trifolium_dubium,0.025,NA,NA,NA,,2.19,2.32,1.94,NA,NA,NA,2.15
2,29-Jul,Roseraies,6,JR,2_JR6,Hypericum_perforatum,0.05,NA,NA,0.21,All_Plots,1.94,0.7,1.02,NA,NA,NA,1.22
2,29-Jul,52e ave,6,N52,2_N526,Daucus_carota,0.025,NA,NA,0.398,Literature,1.57,NA,NA,NA,NA,NA,1.57
2,28-Jul,George Vanier,6,NGV,2_NGV6,Tanacetum_parthenium,0.025,NA,NA,NA,,1.51,1.15,1.26,NA,NA,NA,1.306666667
2,28-Jul,Urgel Bourgie,6,CC,2_CC6,Dasiphora_fruticosa,0.05,NA,NA,NA,,1.41,1.02,1.25,NA,NA,NA,1.226666667
2,28-Jul,Bois de Liesse,6,PBL,2_PBL6,Pastinaca_sativa,0.25,NA,NA,NA,,1.02,NA,NA,NA,NA,NA,1.02
2,29-Jul,Roseraies,7,JR,2_JR7,Cucurbita_pepo,0.07,0.31,NA,0.31,Plot,57.67,NA,NA,NA,NA,NA,57.67
2,28-Jul,Lakeview,7,CLV,2_CLV7,Hosta_plantaginea,0.05,0.2,NA,0.2,Plot,29.83,30.28,29.68,NA,NA,NA,29.93
2,28-Jul,Pointe Verte,7,NPSC,2_NPSC7,Tropaeolum_majus,0.05,0.31,NA,0.31,Plot,29.02,30.12,29.88,NA,NA,NA,29.67333333
2,28-Jul,George Vanier,7,NGV,2_NGV7,Saponaria_officinalis,0.05,0.28,NA,0.28,Plot,26.52,NA,NA,NA,NA,NA,26.52
2,29-Jul,Laurendeau,7,JL,2_JL7,Cucumis_sativus,0.025,NA,NA,0.28,All_Plots,20.05,NA,NA,NA,NA,NA,20.05
2,28-Jul,Bois de Liesse,7,PBL,2_PBL7,Centaurea_jacea,0.05,0.17,NA,0.17,Plot,19.39,NA,NA,NA,NA,NA,19.39
2,29-Jul,Prieur,7,JP,2_JP7,Calibrachoa_parviflora,0.025,NA,NA,NA,,14.86,15.12,16.69,NA,NA,NA,15.55666667
2,28-Jul,Réal-Gareau,7,JS,2_JS7,Tagetes_erecta,0.05,NA,NA,0.26,Site_Average,14.12,NA,NA,NA,NA,NA,14.12
2,29-Jul,Rosemont,7,JRE,2_JRE7,Salvia_farinacea,0.025,0.27,NA,0.27,Plot,13.3,14.47,NA,NA,NA,NA,13.885
2,28-Jul,Shaare Zion,7,CBS,2_CBS7,Convolvulus_arvensis,0.15,0.32,NA,0.32,Plot,13.22,NA,NA,NA,NA,NA,13.22
2,29-Jul,Rosemont,7,JRE,2_JRE7,Papaver_somniferum,0.025,NA,NA,0.1,All_Plots,12.19,13.81,13.62,NA,NA,NA,13.20666667
2,29-Jul,Laurendeau,7,JL,2_JL7,Viola_tricolor,0.05,NA,NA,0.33,All_Plots,11.65,10.33,10.9,NA,NA,NA,10.96
2,28-Jul,Bois de Liesse,7,PBL,2_PBL7,Vicia_villosa,0.025,0.14,NA,0.14,Plot,10.83,NA,NA,NA,NA,NA,10.83
2,28-Jul,George Vanier,7,NGV,2_NGV7,Phlox_maculata,0.25,0.28,NA,0.28,Plot,10.53,NA,NA,NA,NA,NA,10.53
2,28-Jul,George Vanier,7,NGV,2_NGV7,Rudbeckia_laciniata,0.05,NA,NA,NA,,10.53,NA,NA,NA,NA,NA,10.53
2,29-Jul,Roseraies,7,JR,2_JR7,Cucumis_sativus,0.025,NA,NA,0.28,All_Plots,10.34,NA,NA,NA,NA,NA,10.34
2,28-Jul,Réal-Gareau,7,JS,2_JS7,Hesperis_matronalis,0.025,NA,NA,0.21,All_Plots,9.72,10.12,9.88,NA,NA,NA,9.906666667
2,29-Jul,Rosemont,7,JRE,2_JRE7,Pelargonium_zonale,0.025,0.26,NA,0.26,Plot,9.69,8.82,7.74,NA,NA,NA,8.75
2,29-Jul,Prieur,7,JP,2_JP7,Viola_tricolor,0.025,0.29,NA,0.29,Plot,9.36,9.45,9.77,NA,NA,NA,9.526666667
2,28-Jul,Réal-Gareau,7,JS,2_JS7,Cucumis_sativus,0.025,NA,NA,0.28,All_Plots,8.62,9.12,8.34,NA,NA,NA,8.693333333
2,28-Jul,Shaare Zion,7,CBS,2_CBS7,Hypochaeris_radicata,0.1,NA,NA,NA,,8.22,NA,NA,NA,NA,NA,8.22
2,28-Jul,Urgel Bourgie,7,CC,2_CC7,Echinacea_purpurea,0.25,0.21,NA,0.21,Plot,7.65,7.24,7.64,NA,NA,NA,7.51
2,29-Jul,Etienne Desmarteaux,7,JED,2_JED7,Tagetes_erecta,0.025,0.16,NA,0.16,Plot,7.39,NA,NA,NA,NA,NA,7.39
2,29-Jul,Pointe aux Prairies,7,PPPM,2_PPPM7,Lythrum_salicaria,0.025,0.13,NA,0.13,Plot,7.23,6.34,6.16,NA,NA,NA,6.576666667
2,28-Jul,Presentation,7,CP,2_CP7,Hypochaeris_radicata,0.025,NA,NA,NA,,6.7,6.89,7.05,NA,NA,NA,6.88
2,28-Jul,Réal-Gareau,7,JS,2_JS7,Centaurea_cyanus,0.3,NA,NA,0.21,All_Plots,6.28,NA,NA,NA,NA,NA,6.28
2,29-Jul,Prieur,7,JP,2_JP7,Cosmos_bipinnatus,0.025,NA,NA,0.32,All_Plots,6.27,7.89,6.26,NA,NA,NA,6.806666667
2,29-Jul,Rosemont,7,JRE,2_JRE7,Zinnea_elegans,0.025,0.16,NA,0.16,Plot,5.6,NA,NA,NA,NA,NA,5.6
2,29-Jul,Pere Marquette,7,JPM,2_JPM7,Origanum_vulgare,0.2,NA,NA,0.19,All_Plots,5.16,NA,NA,NA,NA,NA,5.16
2,29-Jul,Prieur,7,JP,2_JP7,Calendula_officinalis,0.07,NA,NA,0.166,All_Plots,4.15,NA,NA,NA,NA,NA,4.15
2,28-Jul,Bois de Liesse,7,PBL,2_PBL7,Erigeron_annuus,0.4,NA,NA,NA,,3.46,NA,NA,NA,NA,NA,3.46
2,28-Jul,Presentation,7,CP,2_CP7,Solanum_dulcamara,0.025,0.17,NA,0.17,Plot,3.43,NA,NA,NA,NA,NA,3.43
2,29-Jul,Etienne Desmarteaux,7,JED,2_JED7,Mentha_spicata,0.07,NA,NA,NA,,3.41,NA,NA,NA,NA,NA,3.41
2,29-Jul,Rosemont,7,JRE,2_JRE7,Centaurea_cyanus,0.1,NA,NA,0.21,All_Plots,3.37,3.45,4.28,NA,NA,NA,3.7
2,29-Jul,Rosemont,7,JRE,2_JRE7,Leucanthemum_vulgare,0.15,NA,NA,0.2925,All_Plots,3.36,2.88,2.61,NA,NA,NA,2.95
2,29-Jul,Pere Marquette,7,JPM,2_JPM7,Centaurea_cyanus,0.15,NA,NA,0.21,Site_Average,2.84,NA,NA,NA,NA,NA,2.84
2,29-Jul,Prieur,7,JP,2_JP7,Anethum_graveolens,0.025,NA,NA,NA,,1.83,NA,NA,NA,NA,NA,1.83
2,28-Jul,Bois de Liesse,7,PBL,2_PBL7,Pastinaca_sativa,0.3,NA,NA,NA,,1.78,NA,NA,NA,NA,NA,1.78
2,28-Jul,George Vanier,7,NGV,2_NGV7,Hydrangea_arborescens,0.05,NA,NA,NA,,0.01,0.01,0.01,NA,NA,NA,0.01
2,28-Jul,Pointe Verte,7,NPSC,2_NPSC7,Hydrangea_arborescens,0.5,NA,NA,NA,,0.01,NA,NA,NA,NA,NA,0.01
2,28-Jul,Urgel Bourgie,8,CC,2_CC8,Hemerocallis_fulva,0.07,NA,NA,0.21,Site_Average,70.39,NA,NA,NA,NA,NA,70.39
2,29-Jul,Pere Marquette,8,JPM,2_JPM8,Tropaeolum_majus,0.025,0.37,NA,0.37,Plot,48.37,39.18,49.05,NA,NA,NA,45.53333333
2,28-Jul,George Vanier,8,NGV,2_NGV8,Impatiens_walleriana,0.07,0.17,NA,0.17,Plot,47.25,48.19,48.33,NA,NA,NA,47.92333333
2,29-Jul,Rosemont,8,JRE,2_JRE8,Tropaeolum_majus,0.05,NA,NA,0.3225,All_Plots,45.11,41.84,35.99,NA,NA,NA,40.98
2,29-Jul,Prieur,8,JP,2_JP8,Crocosmia_aurea,0.07,0.2,NA,0.2,Plot,28.57,NA,NA,NA,NA,NA,28.57
2,28-Jul,George Vanier,8,NGV,2_NGV8,Petunia_axillaris,0.05,0.19,NA,0.19,Plot,25.34,26.63,26.13,NA,NA,NA,26.03333333
2,28-Jul,George Vanier,8,NGV,2_NGV8,Phlox_maculata,0.3,0.26,NA,0.26,Plot,22.32,NA,NA,NA,NA,NA,22.32
2,29-Jul,Pere Marquette,8,JPM,2_JPM8,Campanula_persicifolia,0.05,NA,NA,0.479,Literature,19.82,17.8,22.79,NA,NA,NA,20.13666667
2,28-Jul,Réal-Gareau,8,JS,2_JS8,Malva_alcea,0.05,NA,NA,NA,,14.96,15.12,14.26,NA,NA,NA,14.78
2,29-Jul,Pere Marquette,8,JPM,2_JPM8,Erysimum_cheiri,0.05,0.19,NA,0.19,Plot,13.93,14.98,13.33,NA,NA,NA,14.08
2,29-Jul,Rosemont,8,JRE,2_JRE8,Phaseolus_coccineus,0.1,0.14,NA,0.14,Plot,13.68,13.5,13.35,NA,NA,NA,13.51
2,28-Jul,Shaare Zion,8,CBS,2_CBS8,Convolvulus_arvensis,0.25,0.29,NA,0.29,Plot,12.81,NA,NA,NA,NA,NA,12.81
2,29-Jul,Etienne Desmarteaux,8,JED,2_JED8,Borage_officinalis,0.025,0.25,NA,0.25,Plot,12.54,NA,NA,NA,NA,NA,12.54
2,29-Jul,Roseraies,8,JR,2_JR8,Capsicum_annuum,0.025,NA,NA,0.147041667,Literature,10.75,7.83,6.57,NA,NA,NA,8.383333333
2,29-Jul,Rosemont,8,JRE,2_JRE8,Tagetes_erecta,0.07,NA,NA,0.24,Site_Average,10.75,12.97,9.47,NA,NA,NA,11.06333333
2,29-Jul,Pointe aux Prairies,8,PPPM,2_PPPM8,Vicia_villosa,0.2,0.2,NA,0.2,Plot,10.56,10.6,9.71,NA,NA,NA,10.29
2,28-Jul,Presentation,8,CP,2_CP8,Convolvulus_arvensis,0.025,0.5,NA,0.5,Plot,10.16,11.06,10.67,NA,NA,NA,10.63
2,29-Jul,Pere Marquette,8,JPM,2_JPM8,Hesperis_matronalis,0.025,0.21,NA,0.21,Plot,10.06,9.53,11.05,NA,NA,NA,10.21333333
2,29-Jul,Roseraies,8,JR,2_JR8,Phaseolus_vulgaris,0.025,0.09,NA,0.09,Plot,10.04,14.82,15.42,NA,NA,NA,13.42666667
2,28-Jul,Shaare Zion,8,CBS,2_CBS8,Hypochaeris_radicata,0.025,NA,NA,NA,,8.94,NA,NA,NA,NA,NA,8.94
2,28-Jul,George Vanier,8,NGV,2_NGV8,Heliopsis_helianthoides,0.1,0.24,NA,0.24,Plot,8.64,9.31,9.12,NA,NA,NA,9.023333333
2,29-Jul,Pere Marquette,8,JPM,2_JPM8,Centaurea_montana,0.05,NA,NA,NA,,8.49,4.72,NA,NA,NA,NA,6.605
2,29-Jul,Rosemont,8,JRE,2_JRE8,Cucumis_sativus,0.05,0.2,NA,0.2,Plot,8.46,6.75,8.14,NA,NA,NA,7.783333333
2,29-Jul,Laurendeau,8,JL,2_JL8,Vicia_villosa,0.025,0.2,NA,0.2,Plot,8.41,8.17,9.75,NA,NA,NA,8.776666667
2,28-Jul,George Vanier,8,NGV,2_NGV8,Arabis_alpina,0.025,NA,NA,NA,,8.03,9.14,8.93,NA,NA,NA,8.7
2,28-Jul,Bois de Liesse,8,PBL,2_PBL8,Vicia_villosa,0.025,NA,NA,0.1375,Site_Average,7.83,NA,NA,NA,NA,NA,7.83
2,29-Jul,Laurendeau,8,JL,2_JL8,Lycium_barbarum,0.025,0.24,NA,0.24,Plot,7,6.09,5.51,NA,NA,NA,6.2
2,28-Jul,Réal-Gareau,8,JS,2_JS8,Calendula_officinalis,0.15,NA,NA,0.166,All_Plots,6.35,NA,NA,NA,NA,NA,6.35
2,29-Jul,Roseraies,8,JR,2_JR8,Satureja_montana,0.05,0.23,NA,0.23,Plot,6.32,6.36,5.66,NA,NA,NA,6.113333333
2,29-Jul,Pere Marquette,8,JPM,2_JPM8,Calendula_officinalis,0.05,NA,NA,0.163333333,Site_Average,5.76,4.95,4.36,NA,NA,NA,5.023333333
2,29-Jul,Rosemont,8,JRE,2_JRE8,Gomphrena_globosa,0.025,NA,NA,NA,,5.24,4.97,5.23,NA,NA,NA,5.146666667
2,29-Jul,Etienne Desmarteaux,8,JED,2_JED8,Achillea_millefolium,0.05,NA,NA,0.0533,Literature,4.96,NA,NA,NA,NA,NA,4.96
2,28-Jul,Pointe Verte,8,NPSC,2_NPSC8,Oxalis_stricta,0.025,NA,NA,NA,,4.41,5.23,5.41,NA,NA,NA,5.016666667
2,28-Jul,Bois de Liesse,8,PBL,2_PBL8,Erigeron_annuus,0.2,NA,NA,NA,,4.12,NA,NA,NA,NA,NA,4.12
2,29-Jul,Pere Marquette,8,JPM,2_JPM8,Thymus_vulgaris,0.15,NA,NA,0.19,Site_Average,3.87,2.76,3.3,NA,NA,NA,3.31
2,29-Jul,Etienne Desmarteaux,8,JED,2_JED8,Calendula_officinalis,0.15,NA,NA,0.166,All_Plots,3.86,NA,NA,NA,NA,NA,3.86
2,29-Jul,Pointe aux Prairies,8,PPPM,2_PPPM8,Erigeron_annuus,0.1,NA,NA,NA,,3.73,3.36,3.25,NA,NA,NA,3.446666667
2,29-Jul,52e ave,8,N52,2_N528,Potentilla_recta,0.025,NA,NA,0.59,Literature,3.72,3.42,3.89,NA,NA,NA,3.676666667
2,29-Jul,Pere Marquette,8,JPM,2_JPM8,Cosmos_bipinnatus,0.05,NA,NA,0.32,All_Plots,3.68,4.98,2.39,NA,NA,NA,3.683333333
2,29-Jul,Prieur,8,JP,2_JP8,Rosa_gallica,0.05,NA,NA,NA,,3.42,6.21,4.31,NA,NA,NA,4.646666667
2,28-Jul,Bois de Liesse,8,PBL,2_PBL8,Achillea_millefolium,0.025,NA,NA,0.0533,Literature,3.4,NA,NA,NA,NA,NA,3.4
2,29-Jul,Laurendeau,8,JL,2_JL8,Achillea_millefolium,0.2,NA,NA,0.0533,Literature,3.37,2.84,2.84,NA,NA,NA,3.016666667
2,29-Jul,Pointe aux Prairies,8,PPPM,2_PPPM8,Valeriana_officinalis,0.025,NA,NA,0.19,Site_Average,3.37,2.86,2.64,NA,NA,NA,2.956666667
2,29-Jul,Laurendeau,8,JL,2_JL8,Erigeron_annuus,0.07,NA,NA,NA,,3.25,3.17,2.66,NA,NA,NA,3.026666667
2,28-Jul,Presentation,8,CP,2_CP8,Solanum_dulcamara,0.1,0.15,NA,0.15,Plot,3.15,NA,NA,NA,NA,NA,3.15
2,29-Jul,Laurendeau,8,JL,2_JL8,Rorippa_sylvestris,0.07,NA,NA,0.473,Literature,3.06,2.02,2.09,NA,NA,NA,2.39
2,28-Jul,George Vanier,8,NGV,2_NGV8,Euphorbia_hypericifolia,0.1,NA,NA,NA,,2.72,3.11,2.53,NA,NA,NA,2.786666667
2,28-Jul,Bois de Liesse,8,PBL,2_PBL8,Tanacetum_vulgare,0.05,NA,NA,0.29,Site_Average,2.23,NA,NA,NA,NA,NA,2.23
2,29-Jul,Rosemont,8,JRE,2_JRE8,Solanum_lycopersicum,0.025,0.12,NA,0.12,Plot,1.79,0.41,1.31,NA,NA,NA,1.17
2,29-Jul,52e ave,8,N52,2_N528,Daucus_carota,0.05,NA,NA,0.398,Literature,1.49,1.54,1.38,NA,NA,NA,1.47
2,28-Jul,George Vanier,8,NGV,2_NGV8,Hydrangea_arborescens,0.4,NA,NA,NA,,0.01,NA,NA,NA,NA,NA,0.01